id,product_id,url,alt,sort_order
a788f714-5dcc-4987-9367-d5e170714b1b,d22ef52f-89ee-4fb6-8de9-c0b108286f2f,/images/products/core-contrast-performance-graphic-tee-10001/1.jpg,Core Contrast Performance Graphic Tee - image 1,1
9029edb9-4f0e-406f-8ba7-c0065134a586,d22ef52f-89ee-4fb6-8de9-c0b108286f2f,/images/products/core-contrast-performance-graphic-tee-10001/2.jpg,Core Contrast Performance Graphic Tee - image 2,2
c63f4fe5-f685-4907-9160-79f92481848b,d22ef52f-89ee-4fb6-8de9-c0b108286f2f,/images/products/core-contrast-performance-graphic-tee-10001/3.jpg,Core Contrast Performance Graphic Tee - image 3,3
00b06c6c-7e96-4731-824b-f7f2933a17a6,d22ef52f-89ee-4fb6-8de9-c0b108286f2f,/images/products/core-contrast-performance-graphic-tee-10001/4.jpg,Core Contrast Performance Graphic Tee - image 4,4
641cb14d-5511-4cb3-809f-56d9be3b03b4,4e6236ab-7a60-4a8c-9d7e-b99c48285a27,/images/products/prime-structured-performance-heavy-tee-10002/1.jpg,Prime Structured Performance Heavy Tee - image 1,1
64b80e69-d745-4c67-86bb-8f1fb1f72410,4e6236ab-7a60-4a8c-9d7e-b99c48285a27,/images/products/prime-structured-performance-heavy-tee-10002/2.jpg,Prime Structured Performance Heavy Tee - image 2,2
46d15698-3ca5-461d-982f-f2074f732eea,4e6236ab-7a60-4a8c-9d7e-b99c48285a27,/images/products/prime-structured-performance-heavy-tee-10002/3.jpg,Prime Structured Performance Heavy Tee - image 3,3
080b92ed-b405-4fac-9216-9f1c50e21823,4e6236ab-7a60-4a8c-9d7e-b99c48285a27,/images/products/prime-structured-performance-heavy-tee-10002/4.jpg,Prime Structured Performance Heavy Tee - image 4,4
e8f41690-5870-42de-a576-8308c8e47cc0,172a8ebe-b048-4ac6-9a69-d767de3b83ac,/images/products/cloud-structured-performance-graphic-tee-10003/1.jpg,Cloud Structured Performance Graphic Tee - image 1,1
ea228a6e-4885-4edd-9481-61c768d81553,172a8ebe-b048-4ac6-9a69-d767de3b83ac,/images/products/cloud-structured-performance-graphic-tee-10003/2.jpg,Cloud Structured Performance Graphic Tee - image 2,2
6d4fd638-7342-4328-937e-d700b9952289,172a8ebe-b048-4ac6-9a69-d767de3b83ac,/images/products/cloud-structured-performance-graphic-tee-10003/3.jpg,Cloud Structured Performance Graphic Tee - image 3,3
a34c7c71-75e9-4050-8f29-ee335c5d2a1c,172a8ebe-b048-4ac6-9a69-d767de3b83ac,/images/products/cloud-structured-performance-graphic-tee-10003/4.jpg,Cloud Structured Performance Graphic Tee - image 4,4
dd20001f-37f2-4261-a420-639adee757f4,972c29c2-4b94-446a-8140-6e306bc92453,/images/products/cloud-tonal-everyday-graphic-tee-10004/1.jpg,Cloud Tonal Everyday Graphic Tee - image 1,1
b8bf5fda-d27f-415b-9bc4-55848114a042,972c29c2-4b94-446a-8140-6e306bc92453,/images/products/cloud-tonal-everyday-graphic-tee-10004/2.jpg,Cloud Tonal Everyday Graphic Tee - image 2,2
1c701534-fd8b-4d38-8b77-f43739061714,972c29c2-4b94-446a-8140-6e306bc92453,/images/products/cloud-tonal-everyday-graphic-tee-10004/3.jpg,Cloud Tonal Everyday Graphic Tee - image 3,3
5dd03621-1fc1-49f4-ae3f-13f047e9be2c,972c29c2-4b94-446a-8140-6e306bc92453,/images/products/cloud-tonal-everyday-graphic-tee-10004/4.jpg,Cloud Tonal Everyday Graphic Tee - image 4,4
92ebee0c-8c65-4543-811c-a685d442557d,7168ea4b-1676-4d58-8dc4-f4242caa9ddc,/images/products/iron-clean-performance-t-shirt-10005/1.jpg,Iron Clean Performance T-Shirt - image 1,1
3ad4ed57-c531-4a79-8992-476191c49bc3,7168ea4b-1676-4d58-8dc4-f4242caa9ddc,/images/products/iron-clean-performance-t-shirt-10005/2.jpg,Iron Clean Performance T-Shirt - image 2,2
95ab9449-5254-4854-b811-aa1d8b440f4d,7168ea4b-1676-4d58-8dc4-f4242caa9ddc,/images/products/iron-clean-performance-t-shirt-10005/3.jpg,Iron Clean Performance T-Shirt - image 3,3
74f05234-629a-471e-a1da-eb31440a23b6,7168ea4b-1676-4d58-8dc4-f4242caa9ddc,/images/products/iron-clean-performance-t-shirt-10005/4.jpg,Iron Clean Performance T-Shirt - image 4,4
2931a15b-d3de-4c24-ab62-2170b449e29e,7594981e-3bf6-4ed3-af07-69b726c4f0ca,/images/products/mono-tonal-performance-graphic-tee-10006/1.jpg,Mono Tonal Performance Graphic Tee - image 1,1
db650a4b-ee97-4b06-a9f2-9d026f94883b,7594981e-3bf6-4ed3-af07-69b726c4f0ca,/images/products/mono-tonal-performance-graphic-tee-10006/2.jpg,Mono Tonal Performance Graphic Tee - image 2,2
171554fc-e479-4f0a-ab92-f49bc2dcb06e,7594981e-3bf6-4ed3-af07-69b726c4f0ca,/images/products/mono-tonal-performance-graphic-tee-10006/3.jpg,Mono Tonal Performance Graphic Tee - image 3,3
8a52f004-0065-41fd-9ff1-fd3ffc71e300,7594981e-3bf6-4ed3-af07-69b726c4f0ca,/images/products/mono-tonal-performance-graphic-tee-10006/4.jpg,Mono Tonal Performance Graphic Tee - image 4,4
4edd7dc0-7fc1-4ae4-be13-cda3d307414f,e0746308-fdcb-4ecb-888a-f96bcd8d6463,/images/products/aero-essential-performance-graphic-tee-10007/1.jpg,Aero Essential Performance Graphic Tee - image 1,1
395c48e9-8fba-4593-bc8f-c92b2f5cd061,e0746308-fdcb-4ecb-888a-f96bcd8d6463,/images/products/aero-essential-performance-graphic-tee-10007/2.jpg,Aero Essential Performance Graphic Tee - image 2,2
2d7a16ca-3705-4cc4-bb04-ecf1dbb17668,e0746308-fdcb-4ecb-888a-f96bcd8d6463,/images/products/aero-essential-performance-graphic-tee-10007/3.jpg,Aero Essential Performance Graphic Tee - image 3,3
04dd4ed6-f342-4d72-8008-2677610614c7,e0746308-fdcb-4ecb-888a-f96bcd8d6463,/images/products/aero-essential-performance-graphic-tee-10007/4.jpg,Aero Essential Performance Graphic Tee - image 4,4
9187c5cf-de6b-4223-9784-ee286bdca244,d58c9eb7-3997-4957-afe7-bbc33484292a,/images/products/stone-tonal-performance-graphic-tee-10008/1.jpg,Stone Tonal Performance Graphic Tee - image 1,1
ae4feb10-7620-4fa2-a1d9-d79bc0e35cef,d58c9eb7-3997-4957-afe7-bbc33484292a,/images/products/stone-tonal-performance-graphic-tee-10008/2.jpg,Stone Tonal Performance Graphic Tee - image 2,2
47baf9b0-feca-4014-94c1-dbec2007d0a5,d58c9eb7-3997-4957-afe7-bbc33484292a,/images/products/stone-tonal-performance-graphic-tee-10008/3.jpg,Stone Tonal Performance Graphic Tee - image 3,3
00c80b7f-c459-4bf1-a26e-21a25339f0f6,d58c9eb7-3997-4957-afe7-bbc33484292a,/images/products/stone-tonal-performance-graphic-tee-10008/4.jpg,Stone Tonal Performance Graphic Tee - image 4,4
c3d0fdd9-c00a-49fc-a885-8e48be20e788,65dc84a1-8add-44cc-b9de-d68d920c66ec,/images/products/mono-performance-performance-t-shirt-10009/1.jpg,Mono Performance Performance T-Shirt - image 1,1
be1403c3-2197-4fb4-9acc-1760f025ac81,65dc84a1-8add-44cc-b9de-d68d920c66ec,/images/products/mono-performance-performance-t-shirt-10009/2.jpg,Mono Performance Performance T-Shirt - image 2,2
2b3a6caa-5a0a-400e-bf1e-06a27edf1654,65dc84a1-8add-44cc-b9de-d68d920c66ec,/images/products/mono-performance-performance-t-shirt-10009/3.jpg,Mono Performance Performance T-Shirt - image 3,3
bf7980ca-87e1-4a21-963f-5846170643f7,65dc84a1-8add-44cc-b9de-d68d920c66ec,/images/products/mono-performance-performance-t-shirt-10009/4.jpg,Mono Performance Performance T-Shirt - image 4,4
5268758c-aa70-4a57-8fe4-e50e3e0c3fff,500eb4d0-9058-4a54-a598-2368c5ea901f,/images/products/mono-structured-performance-t-shirt-10010/1.jpg,Mono Structured Performance T-Shirt - image 1,1
72398936-098c-400d-8e00-aefa8621b3fd,500eb4d0-9058-4a54-a598-2368c5ea901f,/images/products/mono-structured-performance-t-shirt-10010/2.jpg,Mono Structured Performance T-Shirt - image 2,2
bcac321b-4785-455c-a5e5-8f024184cd98,500eb4d0-9058-4a54-a598-2368c5ea901f,/images/products/mono-structured-performance-t-shirt-10010/3.jpg,Mono Structured Performance T-Shirt - image 3,3
33f65983-8c32-4598-93f9-a614af816ed0,500eb4d0-9058-4a54-a598-2368c5ea901f,/images/products/mono-structured-performance-t-shirt-10010/4.jpg,Mono Structured Performance T-Shirt - image 4,4
4106c82c-7a12-4260-902b-0f2c8433b48f,c819758a-f9af-4eb3-be39-cec4b1ae7f47,/images/products/prime-ribbed-everyday-training-shorts-10011/1.jpg,Prime Ribbed Everyday Training Shorts - image 1,1
7d597d24-fb89-42c2-a0c8-06174bbf7170,c819758a-f9af-4eb3-be39-cec4b1ae7f47,/images/products/prime-ribbed-everyday-training-shorts-10011/2.jpg,Prime Ribbed Everyday Training Shorts - image 2,2
46267d9a-0935-42ce-b11c-f788165390c1,c819758a-f9af-4eb3-be39-cec4b1ae7f47,/images/products/prime-ribbed-everyday-training-shorts-10011/3.jpg,Prime Ribbed Everyday Training Shorts - image 3,3
2bf452b2-c9b0-4c34-950c-50a3e97fd82d,c819758a-f9af-4eb3-be39-cec4b1ae7f47,/images/products/prime-ribbed-everyday-training-shorts-10011/4.jpg,Prime Ribbed Everyday Training Shorts - image 4,4
e765a64e-16f3-40c7-b8ce-a2a51f3203a3,020d6b3f-9fa0-47d2-afb9-8feb72c1e599,/images/products/prime-vintage-performance-training-shorts-10012/1.jpg,Prime Vintage Performance Training Shorts - image 1,1
20279748-89d6-4065-b808-d157ca3ff561,020d6b3f-9fa0-47d2-afb9-8feb72c1e599,/images/products/prime-vintage-performance-training-shorts-10012/2.jpg,Prime Vintage Performance Training Shorts - image 2,2
84bac604-fddc-4d4b-bb04-a0de88f47976,020d6b3f-9fa0-47d2-afb9-8feb72c1e599,/images/products/prime-vintage-performance-training-shorts-10012/3.jpg,Prime Vintage Performance Training Shorts - image 3,3
642294b8-4004-442b-b58f-92f72db2b03a,020d6b3f-9fa0-47d2-afb9-8feb72c1e599,/images/products/prime-vintage-performance-training-shorts-10012/4.jpg,Prime Vintage Performance Training Shorts - image 4,4
2d46d492-6e0a-4665-ba8d-0b556c042956,d2b5f74d-99e9-4e3b-85ed-1a9cced1b8b8,/images/products/studio-clean-performance-everyday-shorts-10013/1.jpg,Studio Clean Performance Everyday Shorts - image 1,1
169a6fb0-6298-4278-81f8-096e3189b393,d2b5f74d-99e9-4e3b-85ed-1a9cced1b8b8,/images/products/studio-clean-performance-everyday-shorts-10013/2.jpg,Studio Clean Performance Everyday Shorts - image 2,2
85bb390f-8ee6-4f1d-b46b-5358697f9f3e,d2b5f74d-99e9-4e3b-85ed-1a9cced1b8b8,/images/products/studio-clean-performance-everyday-shorts-10013/3.jpg,Studio Clean Performance Everyday Shorts - image 3,3
7db4650a-19e7-4546-bc4e-c3fccfa3adb6,d2b5f74d-99e9-4e3b-85ed-1a9cced1b8b8,/images/products/studio-clean-performance-everyday-shorts-10013/4.jpg,Studio Clean Performance Everyday Shorts - image 4,4
1319df43-6728-4c4d-a258-4d9b992b5dff,d37f5188-a8b0-4478-a99d-382a576599d2,/images/products/cloud-vintage-performance-training-shorts-10014/1.jpg,Cloud Vintage Performance Training Shorts - image 1,1
e1b56c9d-559a-4714-b783-f45b6ecec526,d37f5188-a8b0-4478-a99d-382a576599d2,/images/products/cloud-vintage-performance-training-shorts-10014/2.jpg,Cloud Vintage Performance Training Shorts - image 2,2
2f26c139-a55f-4976-9eb3-6aba9e0e602f,d37f5188-a8b0-4478-a99d-382a576599d2,/images/products/cloud-vintage-performance-training-shorts-10014/3.jpg,Cloud Vintage Performance Training Shorts - image 3,3
20962b1e-4b7e-4601-8583-718439437af7,d37f5188-a8b0-4478-a99d-382a576599d2,/images/products/cloud-vintage-performance-training-shorts-10014/4.jpg,Cloud Vintage Performance Training Shorts - image 4,4
1cdf9b86-eff2-4066-a07c-d48e76d1a796,ad56f9fa-3d87-49ab-944e-149948b0d043,/images/products/iron-graphic-everyday-everyday-shorts-10015/1.jpg,Iron Graphic Everyday Everyday Shorts - image 1,1
ac041c6e-6d08-4bfe-b8f2-30acc1f690c2,ad56f9fa-3d87-49ab-944e-149948b0d043,/images/products/iron-graphic-everyday-everyday-shorts-10015/2.jpg,Iron Graphic Everyday Everyday Shorts - image 2,2
7c86700c-5b07-45eb-8ad2-35695ed139a9,ad56f9fa-3d87-49ab-944e-149948b0d043,/images/products/iron-graphic-everyday-everyday-shorts-10015/3.jpg,Iron Graphic Everyday Everyday Shorts - image 3,3
22541337-769d-4318-aa2a-3babf1af8e29,ad56f9fa-3d87-49ab-944e-149948b0d043,/images/products/iron-graphic-everyday-everyday-shorts-10015/4.jpg,Iron Graphic Everyday Everyday Shorts - image 4,4
e3c05efa-d83c-4de3-837d-27cfb6cbf132,bdc46fdd-2d58-4304-ab05-03a99e595f79,/images/products/drift-graphic-everyday-everyday-shorts-10016/1.jpg,Drift Graphic Everyday Everyday Shorts - image 1,1
3cbeac56-4558-47a7-80e3-5d624f3e524f,bdc46fdd-2d58-4304-ab05-03a99e595f79,/images/products/drift-graphic-everyday-everyday-shorts-10016/2.jpg,Drift Graphic Everyday Everyday Shorts - image 2,2
af61b86d-5793-4204-8435-67d285722656,bdc46fdd-2d58-4304-ab05-03a99e595f79,/images/products/drift-graphic-everyday-everyday-shorts-10016/3.jpg,Drift Graphic Everyday Everyday Shorts - image 3,3
a2d5bc77-99e1-4a3a-89c4-aa91ec8a3df2,bdc46fdd-2d58-4304-ab05-03a99e595f79,/images/products/drift-graphic-everyday-everyday-shorts-10016/4.jpg,Drift Graphic Everyday Everyday Shorts - image 4,4
a5e906fe-655a-4220-b03d-2e129da670e8,82bb0b4d-1832-4e07-8f81-ff98af78c4db,/images/products/prime-minimal-performance-everyday-shorts-10017/1.jpg,Prime Minimal Performance Everyday Shorts - image 1,1
729e921f-f7a7-40b4-923f-e912852e233a,82bb0b4d-1832-4e07-8f81-ff98af78c4db,/images/products/prime-minimal-performance-everyday-shorts-10017/2.jpg,Prime Minimal Performance Everyday Shorts - image 2,2
fea0000e-929e-4207-b348-0c7ec1aac19e,82bb0b4d-1832-4e07-8f81-ff98af78c4db,/images/products/prime-minimal-performance-everyday-shorts-10017/3.jpg,Prime Minimal Performance Everyday Shorts - image 3,3
2fbfdc25-0125-4b47-9fba-9d942dc77d8b,82bb0b4d-1832-4e07-8f81-ff98af78c4db,/images/products/prime-minimal-performance-everyday-shorts-10017/4.jpg,Prime Minimal Performance Everyday Shorts - image 4,4
ed2d7cdc-7dca-4a89-af4b-2e2ee82217a5,0eafbf6e-9c08-4631-a9e4-8d154ad94165,/images/products/drift-ribbed-performance-everyday-shorts-10018/1.jpg,Drift Ribbed Performance Everyday Shorts - image 1,1
3d39c0f7-8593-447a-b4be-c793d41bf415,0eafbf6e-9c08-4631-a9e4-8d154ad94165,/images/products/drift-ribbed-performance-everyday-shorts-10018/2.jpg,Drift Ribbed Performance Everyday Shorts - image 2,2
54106651-15d5-4ade-88af-b9cf800f97a8,0eafbf6e-9c08-4631-a9e4-8d154ad94165,/images/products/drift-ribbed-performance-everyday-shorts-10018/3.jpg,Drift Ribbed Performance Everyday Shorts - image 3,3
2fe134ac-b31f-4685-976e-5751dbba949c,0eafbf6e-9c08-4631-a9e4-8d154ad94165,/images/products/drift-ribbed-performance-everyday-shorts-10018/4.jpg,Drift Ribbed Performance Everyday Shorts - image 4,4
0b2b43e7-4cc5-475a-9b42-9ef4c98accde,66eda09b-60ef-48e1-bdc4-d0d915b1b432,/images/products/urban-vintage-everyday-everyday-shorts-10019/1.jpg,Urban Vintage Everyday Everyday Shorts - image 1,1
3011ddb6-6374-4545-b995-74774928f51c,66eda09b-60ef-48e1-bdc4-d0d915b1b432,/images/products/urban-vintage-everyday-everyday-shorts-10019/2.jpg,Urban Vintage Everyday Everyday Shorts - image 2,2
546c0492-5cd9-4899-a6b0-858d8b341f67,66eda09b-60ef-48e1-bdc4-d0d915b1b432,/images/products/urban-vintage-everyday-everyday-shorts-10019/3.jpg,Urban Vintage Everyday Everyday Shorts - image 3,3
a772a3be-5838-43b2-ade2-90d7ac2d7aeb,66eda09b-60ef-48e1-bdc4-d0d915b1b432,/images/products/urban-vintage-everyday-everyday-shorts-10019/4.jpg,Urban Vintage Everyday Everyday Shorts - image 4,4
085ad8c0-5b25-4e08-9013-dd94225def6a,0b804c0c-89fa-4d33-95b6-8a658cf6e7c6,/images/products/pulse-minimal-performance-everyday-shorts-10020/1.jpg,Pulse Minimal Performance Everyday Shorts - image 1,1
6ba51277-5719-4dca-abec-e37d4858f477,0b804c0c-89fa-4d33-95b6-8a658cf6e7c6,/images/products/pulse-minimal-performance-everyday-shorts-10020/2.jpg,Pulse Minimal Performance Everyday Shorts - image 2,2
cf8239de-ebd5-4059-b6e2-a9ad413dca49,0b804c0c-89fa-4d33-95b6-8a658cf6e7c6,/images/products/pulse-minimal-performance-everyday-shorts-10020/3.jpg,Pulse Minimal Performance Everyday Shorts - image 3,3
c09ccf5e-b9b6-476f-bca0-83116b38f42a,0b804c0c-89fa-4d33-95b6-8a658cf6e7c6,/images/products/pulse-minimal-performance-everyday-shorts-10020/4.jpg,Pulse Minimal Performance Everyday Shorts - image 4,4
4b24fd65-7b4a-4c8d-a567-f54bfbe75fce,ccdb9f7a-69a5-4045-b9c9-e51057ab1dd8,/images/products/studio-contrast-night-oxford-shirt-10021/1.jpg,Studio Contrast Night Oxford Shirt - image 1,1
0008b4d7-d086-4ba0-a9ef-cd89615ba42a,ccdb9f7a-69a5-4045-b9c9-e51057ab1dd8,/images/products/studio-contrast-night-oxford-shirt-10021/2.jpg,Studio Contrast Night Oxford Shirt - image 2,2
a8abd18e-f79f-42f8-8e6a-95c2ef1fb589,ccdb9f7a-69a5-4045-b9c9-e51057ab1dd8,/images/products/studio-contrast-night-oxford-shirt-10021/3.jpg,Studio Contrast Night Oxford Shirt - image 3,3
68ab6c26-13ed-4135-bd08-1e3293d59c32,ccdb9f7a-69a5-4045-b9c9-e51057ab1dd8,/images/products/studio-contrast-night-oxford-shirt-10021/4.jpg,Studio Contrast Night Oxford Shirt - image 4,4
f7615b6a-cebc-452d-b28f-a2e4e9644900,afab37e9-a959-413f-81d5-0190c3048aa8,/images/products/pulse-performance-everyday-poplin-shirt-10022/1.jpg,Pulse Performance Everyday Poplin Shirt - image 1,1
3476019e-01d1-470d-88b6-af931477ac0f,afab37e9-a959-413f-81d5-0190c3048aa8,/images/products/pulse-performance-everyday-poplin-shirt-10022/2.jpg,Pulse Performance Everyday Poplin Shirt - image 2,2
5f40662d-59f3-4992-9dd3-ad05995f1eea,afab37e9-a959-413f-81d5-0190c3048aa8,/images/products/pulse-performance-everyday-poplin-shirt-10022/3.jpg,Pulse Performance Everyday Poplin Shirt - image 3,3
fea1a790-14b7-46ac-a286-f6168a8f7ce0,afab37e9-a959-413f-81d5-0190c3048aa8,/images/products/pulse-performance-everyday-poplin-shirt-10022/4.jpg,Pulse Performance Everyday Poplin Shirt - image 4,4
cc2fc40e-4da7-4c96-b6ef-084a006ade1d,45797b7f-5363-40da-b235-0ed0709b41b0,/images/products/stone-minimal-smart-poplin-shirt-10023/1.jpg,Stone Minimal Smart Poplin Shirt - image 1,1
b72f42bf-3aa1-41a1-9fa3-62118e944283,45797b7f-5363-40da-b235-0ed0709b41b0,/images/products/stone-minimal-smart-poplin-shirt-10023/2.jpg,Stone Minimal Smart Poplin Shirt - image 2,2
c3824179-1484-49a8-af2e-ce2505176a01,45797b7f-5363-40da-b235-0ed0709b41b0,/images/products/stone-minimal-smart-poplin-shirt-10023/3.jpg,Stone Minimal Smart Poplin Shirt - image 3,3
9e151352-4e2f-4ffa-bf86-543abeec3ab1,45797b7f-5363-40da-b235-0ed0709b41b0,/images/products/stone-minimal-smart-poplin-shirt-10023/4.jpg,Stone Minimal Smart Poplin Shirt - image 4,4
80625364-c3ab-40de-92e3-26e0114c6793,71298f1a-f671-40db-8fb0-e18fc8790d96,/images/products/nova-classic-night-poplin-shirt-10024/1.jpg,Nova Classic Night Poplin Shirt - image 1,1
3cefda80-83e8-404f-825e-d8808213ca39,71298f1a-f671-40db-8fb0-e18fc8790d96,/images/products/nova-classic-night-poplin-shirt-10024/2.jpg,Nova Classic Night Poplin Shirt - image 2,2
fa7b57ce-b125-4908-8861-77941f4b9ffd,71298f1a-f671-40db-8fb0-e18fc8790d96,/images/products/nova-classic-night-poplin-shirt-10024/3.jpg,Nova Classic Night Poplin Shirt - image 3,3
39b2bc91-38b7-46a2-ba44-4c9d0d12c939,71298f1a-f671-40db-8fb0-e18fc8790d96,/images/products/nova-classic-night-poplin-shirt-10024/4.jpg,Nova Classic Night Poplin Shirt - image 4,4
dbff684e-5a97-454d-a3f2-36aaa6c61fde,3ae68620-ae32-4c9c-9a5e-05231427691b,/images/products/nova-clean-night-oxford-shirt-10025/1.jpg,Nova Clean Night Oxford Shirt - image 1,1
30a6f997-5e03-4490-a9dc-c4574fb31e9a,3ae68620-ae32-4c9c-9a5e-05231427691b,/images/products/nova-clean-night-oxford-shirt-10025/2.jpg,Nova Clean Night Oxford Shirt - image 2,2
2c3d7bbe-fb18-4816-8da4-8b341bf0b021,3ae68620-ae32-4c9c-9a5e-05231427691b,/images/products/nova-clean-night-oxford-shirt-10025/3.jpg,Nova Clean Night Oxford Shirt - image 3,3
d1c33ca2-cf46-410a-861f-2fd1c85eccbc,3ae68620-ae32-4c9c-9a5e-05231427691b,/images/products/nova-clean-night-oxford-shirt-10025/4.jpg,Nova Clean Night Oxford Shirt - image 4,4
b9cd9132-d106-4f06-a9ac-14157d6e3859,0ed3aba2-cb5d-43be-84fc-fff1ebbbacb8,/images/products/studio-graphic-everyday-poplin-shirt-10026/1.jpg,Studio Graphic Everyday Poplin Shirt - image 1,1
b92b6fd0-7b75-4277-b690-44478e947322,0ed3aba2-cb5d-43be-84fc-fff1ebbbacb8,/images/products/studio-graphic-everyday-poplin-shirt-10026/2.jpg,Studio Graphic Everyday Poplin Shirt - image 2,2
b68d882c-450b-4e1b-b083-bad5607b335b,0ed3aba2-cb5d-43be-84fc-fff1ebbbacb8,/images/products/studio-graphic-everyday-poplin-shirt-10026/3.jpg,Studio Graphic Everyday Poplin Shirt - image 3,3
220fe7d2-6539-4d32-b2c2-1959ec12486a,0ed3aba2-cb5d-43be-84fc-fff1ebbbacb8,/images/products/studio-graphic-everyday-poplin-shirt-10026/4.jpg,Studio Graphic Everyday Poplin Shirt - image 4,4
5295f540-3caa-4163-89d2-7fba3ff8c9aa,bd623b44-0e6b-425b-9fd7-8ad02bbc19ad,/images/products/flux-classic-everyday-resort-shirt-10027/1.jpg,Flux Classic Everyday Resort Shirt - image 1,1
21056242-f6ba-45d2-889a-51efdc235f6b,bd623b44-0e6b-425b-9fd7-8ad02bbc19ad,/images/products/flux-classic-everyday-resort-shirt-10027/2.jpg,Flux Classic Everyday Resort Shirt - image 2,2
c1b3aabb-4e77-442b-b96d-074f1590b987,bd623b44-0e6b-425b-9fd7-8ad02bbc19ad,/images/products/flux-classic-everyday-resort-shirt-10027/3.jpg,Flux Classic Everyday Resort Shirt - image 3,3
bc1930d0-88f8-4f16-9417-92eb7383b518,bd623b44-0e6b-425b-9fd7-8ad02bbc19ad,/images/products/flux-classic-everyday-resort-shirt-10027/4.jpg,Flux Classic Everyday Resort Shirt - image 4,4
cfde0350-9ee8-4896-a9c5-adfc46e241d7,4f1c799d-c24c-4ba7-b34e-94b4c25be070,/images/products/prime-contrast-smart-poplin-shirt-10028/1.jpg,Prime Contrast Smart Poplin Shirt - image 1,1
02748eae-05ad-4fb1-8e9e-04f91cf537e9,4f1c799d-c24c-4ba7-b34e-94b4c25be070,/images/products/prime-contrast-smart-poplin-shirt-10028/2.jpg,Prime Contrast Smart Poplin Shirt - image 2,2
d1abc775-b747-41aa-8808-04f169e7f0e7,4f1c799d-c24c-4ba7-b34e-94b4c25be070,/images/products/prime-contrast-smart-poplin-shirt-10028/3.jpg,Prime Contrast Smart Poplin Shirt - image 3,3
53cefde3-e7cc-4dd3-9738-e27691fdeffc,4f1c799d-c24c-4ba7-b34e-94b4c25be070,/images/products/prime-contrast-smart-poplin-shirt-10028/4.jpg,Prime Contrast Smart Poplin Shirt - image 4,4
b40186fd-96de-4a75-8a33-569840b02d5c,49d4ba27-b949-4ba2-80dc-797cf8aa6f4e,/images/products/nova-tech-night-poplin-shirt-10029/1.jpg,Nova Tech Night Poplin Shirt - image 1,1
b0f21d51-7592-4a0c-ac61-9d7be659b3c9,49d4ba27-b949-4ba2-80dc-797cf8aa6f4e,/images/products/nova-tech-night-poplin-shirt-10029/2.jpg,Nova Tech Night Poplin Shirt - image 2,2
2968b714-aa76-4115-9232-2d612f2b0fb9,49d4ba27-b949-4ba2-80dc-797cf8aa6f4e,/images/products/nova-tech-night-poplin-shirt-10029/3.jpg,Nova Tech Night Poplin Shirt - image 3,3
16501195-90ea-4a3a-8f87-ce7a15a1b6d8,49d4ba27-b949-4ba2-80dc-797cf8aa6f4e,/images/products/nova-tech-night-poplin-shirt-10029/4.jpg,Nova Tech Night Poplin Shirt - image 4,4
d0f42363-8a9a-4950-b1d4-51668c32eb0b,f5e73a20-dd68-43ac-8a2e-6867d1a93b41,/images/products/atlas-graphic-smart-oxford-shirt-10030/1.jpg,Atlas Graphic Smart Oxford Shirt - image 1,1
70cc7114-8678-40d7-b3ac-62f716052b3a,f5e73a20-dd68-43ac-8a2e-6867d1a93b41,/images/products/atlas-graphic-smart-oxford-shirt-10030/2.jpg,Atlas Graphic Smart Oxford Shirt - image 2,2
66f16902-e833-4d01-90b3-780f26f9a25c,f5e73a20-dd68-43ac-8a2e-6867d1a93b41,/images/products/atlas-graphic-smart-oxford-shirt-10030/3.jpg,Atlas Graphic Smart Oxford Shirt - image 3,3
33e67fd1-370a-4bbb-aa52-a6725756a476,f5e73a20-dd68-43ac-8a2e-6867d1a93b41,/images/products/atlas-graphic-smart-oxford-shirt-10030/4.jpg,Atlas Graphic Smart Oxford Shirt - image 4,4
2704fe1d-4e11-4c25-a5e4-a92f1728435f,514fd910-7b7c-4de8-8ea4-153eb21d2891,/images/products/iron-ribbed-everyday-hoodie-10031/1.jpg,Iron Ribbed Everyday Hoodie - image 1,1
c9d5dd12-2fcc-4fb6-9da5-49414a8b237f,514fd910-7b7c-4de8-8ea4-153eb21d2891,/images/products/iron-ribbed-everyday-hoodie-10031/2.jpg,Iron Ribbed Everyday Hoodie - image 2,2
02942996-55e1-4fce-b09e-1078e1efeab6,514fd910-7b7c-4de8-8ea4-153eb21d2891,/images/products/iron-ribbed-everyday-hoodie-10031/3.jpg,Iron Ribbed Everyday Hoodie - image 3,3
6dd29a43-81ec-4063-b943-ab8ae82402e4,514fd910-7b7c-4de8-8ea4-153eb21d2891,/images/products/iron-ribbed-everyday-hoodie-10031/4.jpg,Iron Ribbed Everyday Hoodie - image 4,4
57b4e96c-92db-4111-b422-9fce1b2ecfc6,37e7969b-f667-4789-821e-b8f667a6db7b,/images/products/iron-graphic-everyday-hoodie-10032/1.jpg,Iron Graphic Everyday Hoodie - image 1,1
0e34a9b7-d5e2-4168-a859-a6911292e6ef,37e7969b-f667-4789-821e-b8f667a6db7b,/images/products/iron-graphic-everyday-hoodie-10032/2.jpg,Iron Graphic Everyday Hoodie - image 2,2
7011fab5-2acd-4886-b5b9-18642a5deb1b,37e7969b-f667-4789-821e-b8f667a6db7b,/images/products/iron-graphic-everyday-hoodie-10032/3.jpg,Iron Graphic Everyday Hoodie - image 3,3
ecb87444-c78d-4708-8f59-4951d063d8ad,37e7969b-f667-4789-821e-b8f667a6db7b,/images/products/iron-graphic-everyday-hoodie-10032/4.jpg,Iron Graphic Everyday Hoodie - image 4,4
86504afa-6b6b-445a-bcb8-834fd3bf1e1a,00a64ee4-b38a-498b-b58b-f2366d6b9bbd,/images/products/prime-tonal-everyday-zip-hoodie-10033/1.jpg,Prime Tonal Everyday Zip Hoodie - image 1,1
1b5dd4c0-191e-40bb-b1c8-e2391c638afe,00a64ee4-b38a-498b-b58b-f2366d6b9bbd,/images/products/prime-tonal-everyday-zip-hoodie-10033/2.jpg,Prime Tonal Everyday Zip Hoodie - image 2,2
1b2abe9f-64a0-4ec0-a54c-18fc0a4ab7e0,00a64ee4-b38a-498b-b58b-f2366d6b9bbd,/images/products/prime-tonal-everyday-zip-hoodie-10033/3.jpg,Prime Tonal Everyday Zip Hoodie - image 3,3
ace67d34-e47a-4572-9775-a79063957133,00a64ee4-b38a-498b-b58b-f2366d6b9bbd,/images/products/prime-tonal-everyday-zip-hoodie-10033/4.jpg,Prime Tonal Everyday Zip Hoodie - image 4,4
4db3fbe2-8582-49d4-9777-d7faa6a89b38,45c469e2-8673-4249-8839-d7269927506e,/images/products/nova-clean-performance-zip-hoodie-10034/1.jpg,Nova Clean Performance Zip Hoodie - image 1,1
9b08b936-495d-4dff-87ab-9de5a03e5eb7,45c469e2-8673-4249-8839-d7269927506e,/images/products/nova-clean-performance-zip-hoodie-10034/2.jpg,Nova Clean Performance Zip Hoodie - image 2,2
0fb2d41f-0c21-4099-bc84-534e319d96a5,45c469e2-8673-4249-8839-d7269927506e,/images/products/nova-clean-performance-zip-hoodie-10034/3.jpg,Nova Clean Performance Zip Hoodie - image 3,3
78d6feed-70ba-48c8-a81b-f75931458ee9,45c469e2-8673-4249-8839-d7269927506e,/images/products/nova-clean-performance-zip-hoodie-10034/4.jpg,Nova Clean Performance Zip Hoodie - image 4,4
7011f087-3c3a-49b2-a1f8-562a44e71f95,b80cc486-3be9-4a61-bfb7-63485d0214cf,/images/products/prime-graphic-performance-zip-hoodie-10035/1.jpg,Prime Graphic Performance Zip Hoodie - image 1,1
79d11173-251d-4e9e-a8c1-6eca6f553793,b80cc486-3be9-4a61-bfb7-63485d0214cf,/images/products/prime-graphic-performance-zip-hoodie-10035/2.jpg,Prime Graphic Performance Zip Hoodie - image 2,2
8148fa10-67db-4159-9b02-e6febd68968a,b80cc486-3be9-4a61-bfb7-63485d0214cf,/images/products/prime-graphic-performance-zip-hoodie-10035/3.jpg,Prime Graphic Performance Zip Hoodie - image 3,3
312aa79f-0d59-47d0-98c1-181b8d07048f,b80cc486-3be9-4a61-bfb7-63485d0214cf,/images/products/prime-graphic-performance-zip-hoodie-10035/4.jpg,Prime Graphic Performance Zip Hoodie - image 4,4
66d5db44-fecb-4ed0-88af-7083f2f451c6,741d4385-4107-4c94-ad01-069b2590774a,/images/products/urban-tonal-everyday-hoodie-10036/1.jpg,Urban Tonal Everyday Hoodie - image 1,1
782939dc-8823-4193-ae4a-bd91d8f9e659,741d4385-4107-4c94-ad01-069b2590774a,/images/products/urban-tonal-everyday-hoodie-10036/2.jpg,Urban Tonal Everyday Hoodie - image 2,2
dcbe6fab-c27f-430b-9398-ba0a478252ce,741d4385-4107-4c94-ad01-069b2590774a,/images/products/urban-tonal-everyday-hoodie-10036/3.jpg,Urban Tonal Everyday Hoodie - image 3,3
c03719e5-f53a-4e99-8ba5-cf05d72b3c63,741d4385-4107-4c94-ad01-069b2590774a,/images/products/urban-tonal-everyday-hoodie-10036/4.jpg,Urban Tonal Everyday Hoodie - image 4,4
c989bce5-a4c1-47d4-8aea-90ceaaf61d67,d236e93b-1bdb-4965-b1ee-98339f3da177,/images/products/prime-vintage-performance-pullover-hoodie-10037/1.jpg,Prime Vintage Performance Pullover Hoodie - image 1,1
dae4a813-06ca-4345-9c38-5ae762b0a382,d236e93b-1bdb-4965-b1ee-98339f3da177,/images/products/prime-vintage-performance-pullover-hoodie-10037/2.jpg,Prime Vintage Performance Pullover Hoodie - image 2,2
cc14dcf3-c255-4cd1-9125-972c1b5d5bef,d236e93b-1bdb-4965-b1ee-98339f3da177,/images/products/prime-vintage-performance-pullover-hoodie-10037/3.jpg,Prime Vintage Performance Pullover Hoodie - image 3,3
4f966e87-3a54-499a-9c25-3e1e7bbad103,d236e93b-1bdb-4965-b1ee-98339f3da177,/images/products/prime-vintage-performance-pullover-hoodie-10037/4.jpg,Prime Vintage Performance Pullover Hoodie - image 4,4
abfdffb6-5e96-4182-8bba-c165d50dd155,64335d3f-c43e-4022-8585-fc7036d43e80,/images/products/night-tonal-performance-zip-hoodie-10038/1.jpg,Night Tonal Performance Zip Hoodie - image 1,1
424e6a60-c825-45ac-a176-2f2854f932d1,64335d3f-c43e-4022-8585-fc7036d43e80,/images/products/night-tonal-performance-zip-hoodie-10038/2.jpg,Night Tonal Performance Zip Hoodie - image 2,2
a2a58441-33d9-4d04-b7c1-60a36aee28c2,64335d3f-c43e-4022-8585-fc7036d43e80,/images/products/night-tonal-performance-zip-hoodie-10038/3.jpg,Night Tonal Performance Zip Hoodie - image 3,3
6595b0ba-a1f3-44bf-b367-92277af0ab54,64335d3f-c43e-4022-8585-fc7036d43e80,/images/products/night-tonal-performance-zip-hoodie-10038/4.jpg,Night Tonal Performance Zip Hoodie - image 4,4
b3e5e361-44ff-4292-939c-90e80133dd86,2867d8eb-52c2-4746-bd7b-c3abdd4cb01f,/images/products/prime-vintage-performance-hoodie-10039/1.jpg,Prime Vintage Performance Hoodie - image 1,1
a25d4620-a58d-498a-900b-71b013bbba50,2867d8eb-52c2-4746-bd7b-c3abdd4cb01f,/images/products/prime-vintage-performance-hoodie-10039/2.jpg,Prime Vintage Performance Hoodie - image 2,2
99477908-0b7b-42f4-beab-af73a12eedf6,2867d8eb-52c2-4746-bd7b-c3abdd4cb01f,/images/products/prime-vintage-performance-hoodie-10039/3.jpg,Prime Vintage Performance Hoodie - image 3,3
3160b527-0933-487a-a6b3-14fd3d7c15ba,2867d8eb-52c2-4746-bd7b-c3abdd4cb01f,/images/products/prime-vintage-performance-hoodie-10039/4.jpg,Prime Vintage Performance Hoodie - image 4,4
3eadeb52-7e9a-4de0-a8da-24b35a17063e,06849d6e-c253-40b8-b0ee-07c8829d1a67,/images/products/pulse-vintage-everyday-hoodie-10040/1.jpg,Pulse Vintage Everyday Hoodie - image 1,1
68ed30db-1d98-44da-9592-f643412886c5,06849d6e-c253-40b8-b0ee-07c8829d1a67,/images/products/pulse-vintage-everyday-hoodie-10040/2.jpg,Pulse Vintage Everyday Hoodie - image 2,2
b763e0e9-5c57-4d0e-aec9-c1015859db12,06849d6e-c253-40b8-b0ee-07c8829d1a67,/images/products/pulse-vintage-everyday-hoodie-10040/3.jpg,Pulse Vintage Everyday Hoodie - image 3,3
4274ff53-03b5-4ec9-896b-2a54bd7055b7,06849d6e-c253-40b8-b0ee-07c8829d1a67,/images/products/pulse-vintage-everyday-hoodie-10040/4.jpg,Pulse Vintage Everyday Hoodie - image 4,4
57b6cfa4-7a3a-4daa-9f2c-75447ba235e7,c757506a-87d1-423c-882b-6226aaf74e18,/images/products/urban-classic-night-denim-jeans-10041/1.jpg,Urban Classic Night Denim Jeans - image 1,1
1047dd75-f3e6-4dfd-9055-ebde23ed0160,c757506a-87d1-423c-882b-6226aaf74e18,/images/products/urban-classic-night-denim-jeans-10041/2.jpg,Urban Classic Night Denim Jeans - image 2,2
0c43f859-f9c3-45ea-97c0-3d656694b85c,c757506a-87d1-423c-882b-6226aaf74e18,/images/products/urban-classic-night-denim-jeans-10041/3.jpg,Urban Classic Night Denim Jeans - image 3,3
353da025-1f57-4e0e-9667-b8507637bada,c757506a-87d1-423c-882b-6226aaf74e18,/images/products/urban-classic-night-denim-jeans-10041/4.jpg,Urban Classic Night Denim Jeans - image 4,4
34d1f0bd-64c1-47bc-bfed-ae50d16250a6,ffec84aa-45c5-4152-99ae-4f635b3d2ad9,/images/products/urban-classic-everyday-jeans-10042/1.jpg,Urban Classic Everyday Jeans - image 1,1
b4363cc8-aeb5-4eb1-98fb-041e84eca81b,ffec84aa-45c5-4152-99ae-4f635b3d2ad9,/images/products/urban-classic-everyday-jeans-10042/2.jpg,Urban Classic Everyday Jeans - image 2,2
de025b82-854f-4477-8daf-bf89f780d2dc,ffec84aa-45c5-4152-99ae-4f635b3d2ad9,/images/products/urban-classic-everyday-jeans-10042/3.jpg,Urban Classic Everyday Jeans - image 3,3
8c928645-0f38-48a9-8aa6-f4dad641fd3f,ffec84aa-45c5-4152-99ae-4f635b3d2ad9,/images/products/urban-classic-everyday-jeans-10042/4.jpg,Urban Classic Everyday Jeans - image 4,4
87047013-55fe-43c4-ad70-96afb158f1da,5de52be2-65f3-4f5a-82cd-972b05a08ab0,/images/products/pulse-structured-night-jeans-10043/1.jpg,Pulse Structured Night Jeans - image 1,1
d95ef032-5c7f-4c0e-8306-ee9494adf0de,5de52be2-65f3-4f5a-82cd-972b05a08ab0,/images/products/pulse-structured-night-jeans-10043/2.jpg,Pulse Structured Night Jeans - image 2,2
24b094bc-fecd-4414-acf1-c1ce1507bd1d,5de52be2-65f3-4f5a-82cd-972b05a08ab0,/images/products/pulse-structured-night-jeans-10043/3.jpg,Pulse Structured Night Jeans - image 3,3
4373d9d5-483d-40e7-bcf8-4f0eeac4e3ff,5de52be2-65f3-4f5a-82cd-972b05a08ab0,/images/products/pulse-structured-night-jeans-10043/4.jpg,Pulse Structured Night Jeans - image 4,4
fdd04e35-84b8-4fd6-81f0-2d2023562d23,cd5fef7d-44fa-4089-8393-623447cbb726,/images/products/prime-ribbed-everyday-jeans-10044/1.jpg,Prime Ribbed Everyday Jeans - image 1,1
c57e3b50-3d37-40f5-a533-8989705fd94f,cd5fef7d-44fa-4089-8393-623447cbb726,/images/products/prime-ribbed-everyday-jeans-10044/2.jpg,Prime Ribbed Everyday Jeans - image 2,2
e10c8b93-9562-49b0-99b4-65f17079077c,cd5fef7d-44fa-4089-8393-623447cbb726,/images/products/prime-ribbed-everyday-jeans-10044/3.jpg,Prime Ribbed Everyday Jeans - image 3,3
27d55054-4f8d-43d2-b9e7-8e66c074f2b9,cd5fef7d-44fa-4089-8393-623447cbb726,/images/products/prime-ribbed-everyday-jeans-10044/4.jpg,Prime Ribbed Everyday Jeans - image 4,4
9a7aac4a-493e-4d94-b290-306b2df545ab,75f3035c-b6a0-4340-b73e-bb3d9f75fca7,/images/products/core-vintage-night-denim-jeans-10045/1.jpg,Core Vintage Night Denim Jeans - image 1,1
0c1b4763-3e6d-4173-8354-16d8bb7be80f,75f3035c-b6a0-4340-b73e-bb3d9f75fca7,/images/products/core-vintage-night-denim-jeans-10045/2.jpg,Core Vintage Night Denim Jeans - image 2,2
af164ad0-aff2-4821-8a78-d97832738665,75f3035c-b6a0-4340-b73e-bb3d9f75fca7,/images/products/core-vintage-night-denim-jeans-10045/3.jpg,Core Vintage Night Denim Jeans - image 3,3
a42afa1b-1d90-4fa5-bd40-c75919c2f66e,75f3035c-b6a0-4340-b73e-bb3d9f75fca7,/images/products/core-vintage-night-denim-jeans-10045/4.jpg,Core Vintage Night Denim Jeans - image 4,4
6220ca6e-3638-4ae9-90ce-def55eb45868,d59799c3-a570-4e5e-91a5-598d294daa28,/images/products/mono-performance-everyday-jeans-10046/1.jpg,Mono Performance Everyday Jeans - image 1,1
c0c5a309-a2ba-4b96-804e-9cf7cb2197b8,d59799c3-a570-4e5e-91a5-598d294daa28,/images/products/mono-performance-everyday-jeans-10046/2.jpg,Mono Performance Everyday Jeans - image 2,2
d122910a-3208-4bfe-8108-777630b91666,d59799c3-a570-4e5e-91a5-598d294daa28,/images/products/mono-performance-everyday-jeans-10046/3.jpg,Mono Performance Everyday Jeans - image 3,3
8d33cb18-6185-4ce0-85d0-1cbcb3319a8b,d59799c3-a570-4e5e-91a5-598d294daa28,/images/products/mono-performance-everyday-jeans-10046/4.jpg,Mono Performance Everyday Jeans - image 4,4
69e3d14a-1f78-4f29-bc51-1ce263292abd,247c48ee-381d-48db-9b56-8c11844f7060,/images/products/core-ribbed-everyday-denim-jeans-10047/1.jpg,Core Ribbed Everyday Denim Jeans - image 1,1
9b31a00d-1501-4eed-a46c-c963d65ace7a,247c48ee-381d-48db-9b56-8c11844f7060,/images/products/core-ribbed-everyday-denim-jeans-10047/2.jpg,Core Ribbed Everyday Denim Jeans - image 2,2
59270d73-7c3c-47dd-8181-bf858b6b9046,247c48ee-381d-48db-9b56-8c11844f7060,/images/products/core-ribbed-everyday-denim-jeans-10047/3.jpg,Core Ribbed Everyday Denim Jeans - image 3,3
8a356449-9e60-4d52-8e1e-84627d7c04b0,247c48ee-381d-48db-9b56-8c11844f7060,/images/products/core-ribbed-everyday-denim-jeans-10047/4.jpg,Core Ribbed Everyday Denim Jeans - image 4,4
4f78b844-9ad7-4718-bb7a-0b3440518320,bcc9aa3c-e0b1-46d9-847c-9b0b13a48637,/images/products/iron-graphic-everyday-denim-jeans-10048/1.jpg,Iron Graphic Everyday Denim Jeans - image 1,1
46978992-9933-414d-be2f-16bec594a6f8,bcc9aa3c-e0b1-46d9-847c-9b0b13a48637,/images/products/iron-graphic-everyday-denim-jeans-10048/2.jpg,Iron Graphic Everyday Denim Jeans - image 2,2
5e4a29a5-29a1-4964-b58e-ecbf4708f57c,bcc9aa3c-e0b1-46d9-847c-9b0b13a48637,/images/products/iron-graphic-everyday-denim-jeans-10048/3.jpg,Iron Graphic Everyday Denim Jeans - image 3,3
47f83356-e858-4c6d-bf39-73d96bad36b0,bcc9aa3c-e0b1-46d9-847c-9b0b13a48637,/images/products/iron-graphic-everyday-denim-jeans-10048/4.jpg,Iron Graphic Everyday Denim Jeans - image 4,4
2e8ad950-e05c-4faf-bd54-c4cc0287776c,ad14a698-d4ff-4cdd-be84-17c45de4f15d,/images/products/studio-structured-night-jeans-10049/1.jpg,Studio Structured Night Jeans - image 1,1
05c8a11c-7744-490f-bc89-e446a4bd27bd,ad14a698-d4ff-4cdd-be84-17c45de4f15d,/images/products/studio-structured-night-jeans-10049/2.jpg,Studio Structured Night Jeans - image 2,2
54901ffa-7266-4b4c-aad4-bd4cbc45c867,ad14a698-d4ff-4cdd-be84-17c45de4f15d,/images/products/studio-structured-night-jeans-10049/3.jpg,Studio Structured Night Jeans - image 3,3
bbb83fb4-574c-4b43-840e-26323ab322c0,ad14a698-d4ff-4cdd-be84-17c45de4f15d,/images/products/studio-structured-night-jeans-10049/4.jpg,Studio Structured Night Jeans - image 4,4
83cb1dde-8d06-453f-af73-dc6772e7c325,fd0561b3-38bf-4338-a506-167c693ea935,/images/products/mono-performance-night-denim-jeans-10050/1.jpg,Mono Performance Night Denim Jeans - image 1,1
eacd9586-207c-4fb2-9f61-caf2a8143939,fd0561b3-38bf-4338-a506-167c693ea935,/images/products/mono-performance-night-denim-jeans-10050/2.jpg,Mono Performance Night Denim Jeans - image 2,2
f38fd424-a2b4-46cd-b27d-fec49bc79751,fd0561b3-38bf-4338-a506-167c693ea935,/images/products/mono-performance-night-denim-jeans-10050/3.jpg,Mono Performance Night Denim Jeans - image 3,3
04f878e1-3647-4758-8db8-70880b20bea8,fd0561b3-38bf-4338-a506-167c693ea935,/images/products/mono-performance-night-denim-jeans-10050/4.jpg,Mono Performance Night Denim Jeans - image 4,4
