id,sku,name,slug,brand,category,subcategory,currency,price,compare_at_price,discount_percent,rating,review_count,tags,details,options,images,is_new_arrival,is_featured,created_at,updated_at
d22ef52f-89ee-4fb6-8de9-c0b108286f2f,NV-10001,Core Contrast Performance Graphic Tee,core-contrast-performance-graphic-tee-10001,NUVRA,Apparel,T-shirts,PLN,120.0,165.0,27,4.7,35,"[""tshirts"", ""gym"", ""new"", ""training"", ""performance""]","{""material"": ""100% cotton"", ""fit"": ""Regular fit"", ""style"": ""Gym"", ""delivery"": ""Standard delivery: 3–5 business days"", ""highlights"": [""Moisture-wicking feel"", ""Soft, breathable fabric"", ""High-quality construction"", ""Freedom of movement""]}","{""colors"": [{""name"": ""Red"", ""hex"": ""#D72638""}, {""name"": ""Sand"", ""hex"": ""#D6C7A1""}, {""name"": ""Black"", ""hex"": ""#111111""}], ""sizes"": [""XS"", ""S"", ""M"", ""L"", ""XL"", ""XXL""]}","{""hero"": ""/images/products/core-contrast-performance-graphic-tee-10001/1.jpg"", ""gallery"": [""/images/products/core-contrast-performance-graphic-tee-10001/1.jpg"", ""/images/products/core-contrast-performance-graphic-tee-10001/2.jpg"", ""/images/products/core-contrast-performance-graphic-tee-10001/3.jpg"", ""/images/products/core-contrast-performance-graphic-tee-10001/4.jpg""]}",False,False,2026-01-05T12:57:39.537905+00:00,2026-01-05T12:57:39.537905+00:00
4e6236ab-7a60-4a8c-9d7e-b99c48285a27,NV-10002,Prime Structured Performance Heavy Tee,prime-structured-performance-heavy-tee-10002,NUVRA,Apparel,T-shirts,PLN,122.0,,0,4.6,16,"[""tshirts"", ""gym"", ""new"", ""training"", ""performance""]","{""material"": ""organic cotton"", ""fit"": ""Oversized fit"", ""style"": ""Gym"", ""delivery"": ""Standard delivery: 3–5 business days"", ""highlights"": [""Freedom of movement"", ""High-quality construction"", ""Moisture-wicking feel"", ""Soft, breathable fabric"", ""Comfortable fit""]}","{""colors"": [{""name"": ""Cobalt"", ""hex"": ""#1E4ED8""}, {""name"": ""White"", ""hex"": ""#F5F5F5""}, {""name"": ""Sand"", ""hex"": ""#D6C7A1""}, {""name"": ""Burgundy"", ""hex"": ""#5A1A1A""}, {""name"": ""Navy"", ""hex"": ""#1B2A41""}, {""name"": ""Red"", ""hex"": ""#D72638""}], ""sizes"": [""XS"", ""S"", ""M"", ""L"", ""XL"", ""XXL""]}","{""hero"": ""/images/products/prime-structured-performance-heavy-tee-10002/1.jpg"", ""gallery"": [""/images/products/prime-structured-performance-heavy-tee-10002/1.jpg"", ""/images/products/prime-structured-performance-heavy-tee-10002/2.jpg"", ""/images/products/prime-structured-performance-heavy-tee-10002/3.jpg"", ""/images/products/prime-structured-performance-heavy-tee-10002/4.jpg""]}",False,False,2026-01-05T12:57:39.537905+00:00,2026-01-05T12:57:39.537905+00:00
172a8ebe-b048-4ac6-9a69-d767de3b83ac,NV-10003,Cloud Structured Performance Graphic Tee,cloud-structured-performance-graphic-tee-10003,NUVRA,Apparel,T-shirts,PLN,123.0,175.0,30,4.6,40,"[""tshirts"", ""gym"", ""new"", ""training"", ""performance""]","{""material"": ""cotton blend"", ""fit"": ""Relaxed fit"", ""style"": ""Gym"", ""delivery"": ""Standard delivery: 3–5 business days"", ""highlights"": [""Soft, breathable fabric"", ""Moisture-wicking feel"", ""High-quality construction"", ""Freedom of movement"", ""Comfortable fit""]}","{""colors"": [{""name"": ""Heather Gray"", ""hex"": ""#9AA0A6""}, {""name"": ""Burgundy"", ""hex"": ""#5A1A1A""}, {""name"": ""Cream"", ""hex"": ""#EFE7DA""}, {""name"": ""Sand"", ""hex"": ""#D6C7A1""}, {""name"": ""Red"", ""hex"": ""#D72638""}], ""sizes"": [""XS"", ""S"", ""M"", ""L"", ""XL"", ""XXL""]}","{""hero"": ""/images/products/cloud-structured-performance-graphic-tee-10003/1.jpg"", ""gallery"": [""/images/products/cloud-structured-performance-graphic-tee-10003/1.jpg"", ""/images/products/cloud-structured-performance-graphic-tee-10003/2.jpg"", ""/images/products/cloud-structured-performance-graphic-tee-10003/3.jpg"", ""/images/products/cloud-structured-performance-graphic-tee-10003/4.jpg""]}",False,False,2026-01-05T12:57:39.537905+00:00,2026-01-05T12:57:39.537905+00:00
972c29c2-4b94-446a-8140-6e306bc92453,NV-10004,Cloud Tonal Everyday Graphic Tee,cloud-tonal-everyday-graphic-tee-10004,NUVRA,Apparel,T-shirts,PLN,103.0,123.0,16,4.5,43,"[""tshirts"", ""casual"", ""new""]","{""material"": ""cotton blend"", ""fit"": ""Oversized fit"", ""style"": ""Casual"", ""delivery"": ""Standard delivery: 3–5 business days"", ""highlights"": [""High-quality construction"", ""Comfortable fit"", ""Soft, breathable fabric""]}","{""colors"": [{""name"": ""Teal"", ""hex"": ""#0F766E""}, {""name"": ""Navy"", ""hex"": ""#1B2A41""}, {""name"": ""Cobalt"", ""hex"": ""#1E4ED8""}], ""sizes"": [""XS"", ""S"", ""M"", ""L"", ""XL"", ""XXL""]}","{""hero"": ""/images/products/cloud-tonal-everyday-graphic-tee-10004/1.jpg"", ""gallery"": [""/images/products/cloud-tonal-everyday-graphic-tee-10004/1.jpg"", ""/images/products/cloud-tonal-everyday-graphic-tee-10004/2.jpg"", ""/images/products/cloud-tonal-everyday-graphic-tee-10004/3.jpg"", ""/images/products/cloud-tonal-everyday-graphic-tee-10004/4.jpg""]}",False,False,2026-01-05T12:57:39.537905+00:00,2026-01-05T12:57:39.537905+00:00
7168ea4b-1676-4d58-8dc4-f4242caa9ddc,NV-10005,Iron Clean Performance T-Shirt,iron-clean-performance-t-shirt-10005,NUVRA,Apparel,T-shirts,PLN,157.0,,0,4.7,44,"[""tshirts"", ""gym"", ""new"", ""training"", ""performance""]","{""material"": ""organic cotton"", ""fit"": ""Oversized fit"", ""style"": ""Gym"", ""delivery"": ""Standard delivery: 3–5 business days"", ""highlights"": [""Comfortable fit"", ""High-quality construction"", ""Soft, breathable fabric"", ""Moisture-wicking feel"", ""Freedom of movement""]}","{""colors"": [{""name"": ""Burgundy"", ""hex"": ""#5A1A1A""}, {""name"": ""Cream"", ""hex"": ""#EFE7DA""}, {""name"": ""Cobalt"", ""hex"": ""#1E4ED8""}, {""name"": ""Charcoal"", ""hex"": ""#2E2E2E""}], ""sizes"": [""XS"", ""S"", ""M"", ""L"", ""XL"", ""XXL""]}","{""hero"": ""/images/products/iron-clean-performance-t-shirt-10005/1.jpg"", ""gallery"": [""/images/products/iron-clean-performance-t-shirt-10005/1.jpg"", ""/images/products/iron-clean-performance-t-shirt-10005/2.jpg"", ""/images/products/iron-clean-performance-t-shirt-10005/3.jpg"", ""/images/products/iron-clean-performance-t-shirt-10005/4.jpg""]}",False,False,2026-01-05T12:57:39.537905+00:00,2026-01-05T12:57:39.537905+00:00
7594981e-3bf6-4ed3-af07-69b726c4f0ca,NV-10006,Mono Tonal Performance Graphic Tee,mono-tonal-performance-graphic-tee-10006,NUVRA,Apparel,T-shirts,PLN,116.0,,0,4.6,42,"[""tshirts"", ""gym"", ""new"", ""training"", ""performance""]","{""material"": ""heavyweight cotton"", ""fit"": ""Relaxed fit"", ""style"": ""Gym"", ""delivery"": ""Standard delivery: 3–5 business days"", ""highlights"": [""High-quality construction"", ""Soft, breathable fabric"", ""Comfortable fit"", ""Freedom of movement""]}","{""colors"": [{""name"": ""Heather Gray"", ""hex"": ""#9AA0A6""}, {""name"": ""Cream"", ""hex"": ""#EFE7DA""}, {""name"": ""Sand"", ""hex"": ""#D6C7A1""}, {""name"": ""Teal"", ""hex"": ""#0F766E""}, {""name"": ""White"", ""hex"": ""#F5F5F5""}, {""name"": ""Black"", ""hex"": ""#111111""}], ""sizes"": [""XS"", ""S"", ""M"", ""L"", ""XL"", ""XXL""]}","{""hero"": ""/images/products/mono-tonal-performance-graphic-tee-10006/1.jpg"", ""gallery"": [""/images/products/mono-tonal-performance-graphic-tee-10006/1.jpg"", ""/images/products/mono-tonal-performance-graphic-tee-10006/2.jpg"", ""/images/products/mono-tonal-performance-graphic-tee-10006/3.jpg"", ""/images/products/mono-tonal-performance-graphic-tee-10006/4.jpg""]}",False,True,2026-01-05T12:57:39.537905+00:00,2026-01-05T12:57:39.537905+00:00
e0746308-fdcb-4ecb-888a-f96bcd8d6463,NV-10007,Aero Essential Performance Graphic Tee,aero-essential-performance-graphic-tee-10007,NUVRA,Apparel,T-shirts,PLN,122.0,,0,4.5,38,"[""tshirts"", ""gym"", ""new"", ""training"", ""performance""]","{""material"": ""organic cotton"", ""fit"": ""Regular fit"", ""style"": ""Gym"", ""delivery"": ""Standard delivery: 3–5 business days"", ""highlights"": [""Moisture-wicking feel"", ""Comfortable fit"", ""High-quality construction"", ""Freedom of movement""]}","{""colors"": [{""name"": ""Navy"", ""hex"": ""#1B2A41""}, {""name"": ""Sand"", ""hex"": ""#D6C7A1""}, {""name"": ""Cobalt"", ""hex"": ""#1E4ED8""}, {""name"": ""Cream"", ""hex"": ""#EFE7DA""}, {""name"": ""Charcoal"", ""hex"": ""#2E2E2E""}, {""name"": ""White"", ""hex"": ""#F5F5F5""}], ""sizes"": [""XS"", ""S"", ""M"", ""L"", ""XL"", ""XXL""]}","{""hero"": ""/images/products/aero-essential-performance-graphic-tee-10007/1.jpg"", ""gallery"": [""/images/products/aero-essential-performance-graphic-tee-10007/1.jpg"", ""/images/products/aero-essential-performance-graphic-tee-10007/2.jpg"", ""/images/products/aero-essential-performance-graphic-tee-10007/3.jpg"", ""/images/products/aero-essential-performance-graphic-tee-10007/4.jpg""]}",False,False,2026-01-05T12:57:39.537905+00:00,2026-01-05T12:57:39.537905+00:00
d58c9eb7-3997-4957-afe7-bbc33484292a,NV-10008,Stone Tonal Performance Graphic Tee,stone-tonal-performance-graphic-tee-10008,NUVRA,Apparel,T-shirts,PLN,147.0,202.0,27,4.6,27,"[""tshirts"", ""gym"", ""new"", ""training"", ""performance""]","{""material"": ""100% cotton"", ""fit"": ""Regular fit"", ""style"": ""Gym"", ""delivery"": ""Standard delivery: 3–5 business days"", ""highlights"": [""Soft, breathable fabric"", ""Moisture-wicking feel"", ""High-quality construction"", ""Comfortable fit""]}","{""colors"": [{""name"": ""Black"", ""hex"": ""#111111""}, {""name"": ""Cream"", ""hex"": ""#EFE7DA""}, {""name"": ""Red"", ""hex"": ""#D72638""}], ""sizes"": [""XS"", ""S"", ""M"", ""L"", ""XL"", ""XXL""]}","{""hero"": ""/images/products/stone-tonal-performance-graphic-tee-10008/1.jpg"", ""gallery"": [""/images/products/stone-tonal-performance-graphic-tee-10008/1.jpg"", ""/images/products/stone-tonal-performance-graphic-tee-10008/2.jpg"", ""/images/products/stone-tonal-performance-graphic-tee-10008/3.jpg"", ""/images/products/stone-tonal-performance-graphic-tee-10008/4.jpg""]}",False,False,2026-01-05T12:57:39.537905+00:00,2026-01-05T12:57:39.537905+00:00
65dc84a1-8add-44cc-b9de-d68d920c66ec,NV-10009,Mono Performance Performance T-Shirt,mono-performance-performance-t-shirt-10009,NUVRA,Apparel,T-shirts,PLN,159.0,196.0,19,4.7,44,"[""tshirts"", ""gym"", ""new"", ""training"", ""performance""]","{""material"": ""heavyweight cotton"", ""fit"": ""Relaxed fit"", ""style"": ""Gym"", ""delivery"": ""Standard delivery: 3–5 business days"", ""highlights"": [""Moisture-wicking feel"", ""Comfortable fit"", ""High-quality construction"", ""Freedom of movement"", ""Soft, breathable fabric""]}","{""colors"": [{""name"": ""Teal"", ""hex"": ""#0F766E""}, {""name"": ""Olive"", ""hex"": ""#4B5320""}, {""name"": ""Heather Gray"", ""hex"": ""#9AA0A6""}, {""name"": ""Navy"", ""hex"": ""#1B2A41""}], ""sizes"": [""XS"", ""S"", ""M"", ""L"", ""XL"", ""XXL""]}","{""hero"": ""/images/products/mono-performance-performance-t-shirt-10009/1.jpg"", ""gallery"": [""/images/products/mono-performance-performance-t-shirt-10009/1.jpg"", ""/images/products/mono-performance-performance-t-shirt-10009/2.jpg"", ""/images/products/mono-performance-performance-t-shirt-10009/3.jpg"", ""/images/products/mono-performance-performance-t-shirt-10009/4.jpg""]}",False,False,2026-01-05T12:57:39.537905+00:00,2026-01-05T12:57:39.537905+00:00
500eb4d0-9058-4a54-a598-2368c5ea901f,NV-10010,Mono Structured Performance T-Shirt,mono-structured-performance-t-shirt-10010,NUVRA,Apparel,T-shirts,PLN,134.0,164.0,18,4.8,39,"[""tshirts"", ""gym"", ""new"", ""training"", ""performance""]","{""material"": ""cotton blend"", ""fit"": ""Regular fit"", ""style"": ""Gym"", ""delivery"": ""Standard delivery: 3–5 business days"", ""highlights"": [""High-quality construction"", ""Soft, breathable fabric"", ""Moisture-wicking feel"", ""Freedom of movement""]}","{""colors"": [{""name"": ""Olive"", ""hex"": ""#4B5320""}, {""name"": ""Cobalt"", ""hex"": ""#1E4ED8""}, {""name"": ""Sand"", ""hex"": ""#D6C7A1""}], ""sizes"": [""XS"", ""S"", ""M"", ""L"", ""XL"", ""XXL""]}","{""hero"": ""/images/products/mono-structured-performance-t-shirt-10010/1.jpg"", ""gallery"": [""/images/products/mono-structured-performance-t-shirt-10010/1.jpg"", ""/images/products/mono-structured-performance-t-shirt-10010/2.jpg"", ""/images/products/mono-structured-performance-t-shirt-10010/3.jpg"", ""/images/products/mono-structured-performance-t-shirt-10010/4.jpg""]}",False,False,2026-01-05T12:57:39.537905+00:00,2026-01-05T12:57:39.537905+00:00
c819758a-f9af-4eb3-be39-cec4b1ae7f47,NV-10011,Prime Ribbed Everyday Training Shorts,prime-ribbed-everyday-training-shorts-10011,NUVRA,Apparel,Shorts,PLN,147.0,178.0,17,4.5,28,"[""shorts"", ""casual"", ""new""]","{""material"": ""cotton blend"", ""fit"": ""Regular fit"", ""style"": ""Casual"", ""delivery"": ""Standard delivery: 3–5 business days"", ""highlights"": [""High-quality construction"", ""Comfortable fit"", ""Soft, breathable fabric""]}","{""colors"": [{""name"": ""Navy"", ""hex"": ""#1B2A41""}, {""name"": ""White"", ""hex"": ""#F5F5F5""}, {""name"": ""Teal"", ""hex"": ""#0F766E""}, {""name"": ""Olive"", ""hex"": ""#4B5320""}, {""name"": ""Sand"", ""hex"": ""#D6C7A1""}], ""sizes"": [""S"", ""M"", ""L"", ""XL""]}","{""hero"": ""/images/products/prime-ribbed-everyday-training-shorts-10011/1.jpg"", ""gallery"": [""/images/products/prime-ribbed-everyday-training-shorts-10011/1.jpg"", ""/images/products/prime-ribbed-everyday-training-shorts-10011/2.jpg"", ""/images/products/prime-ribbed-everyday-training-shorts-10011/3.jpg"", ""/images/products/prime-ribbed-everyday-training-shorts-10011/4.jpg""]}",True,False,2026-01-05T12:57:39.537905+00:00,2026-01-05T12:57:39.537905+00:00
020d6b3f-9fa0-47d2-afb9-8feb72c1e599,NV-10012,Prime Vintage Performance Training Shorts,prime-vintage-performance-training-shorts-10012,NUVRA,Apparel,Shorts,PLN,204.0,,0,4.6,17,"[""shorts"", ""gym"", ""new"", ""training"", ""performance""]","{""material"": ""mesh polyester"", ""fit"": ""Athletic fit"", ""style"": ""Gym"", ""delivery"": ""Standard delivery: 3–5 business days"", ""highlights"": [""Comfortable fit"", ""Soft, breathable fabric"", ""Freedom of movement"", ""High-quality construction""]}","{""colors"": [{""name"": ""Burgundy"", ""hex"": ""#5A1A1A""}, {""name"": ""White"", ""hex"": ""#F5F5F5""}, {""name"": ""Navy"", ""hex"": ""#1B2A41""}, {""name"": ""Cobalt"", ""hex"": ""#1E4ED8""}, {""name"": ""Red"", ""hex"": ""#D72638""}], ""sizes"": [""S"", ""M"", ""L"", ""XL""]}","{""hero"": ""/images/products/prime-vintage-performance-training-shorts-10012/1.jpg"", ""gallery"": [""/images/products/prime-vintage-performance-training-shorts-10012/1.jpg"", ""/images/products/prime-vintage-performance-training-shorts-10012/2.jpg"", ""/images/products/prime-vintage-performance-training-shorts-10012/3.jpg"", ""/images/products/prime-vintage-performance-training-shorts-10012/4.jpg""]}",False,False,2026-01-05T12:57:39.537905+00:00,2026-01-05T12:57:39.537905+00:00
d2b5f74d-99e9-4e3b-85ed-1a9cced1b8b8,NV-10013,Studio Clean Performance Everyday Shorts,studio-clean-performance-everyday-shorts-10013,NUVRA,Apparel,Shorts,PLN,140.0,,0,4.8,14,"[""shorts"", ""gym"", ""new"", ""training"", ""performance""]","{""material"": ""nylon blend"", ""fit"": ""Relaxed fit"", ""style"": ""Gym"", ""delivery"": ""Standard delivery: 3–5 business days"", ""highlights"": [""Moisture-wicking feel"", ""Freedom of movement"", ""Soft, breathable fabric"", ""Comfortable fit""]}","{""colors"": [{""name"": ""Cobalt"", ""hex"": ""#1E4ED8""}, {""name"": ""Burgundy"", ""hex"": ""#5A1A1A""}, {""name"": ""Red"", ""hex"": ""#D72638""}, {""name"": ""Olive"", ""hex"": ""#4B5320""}, {""name"": ""White"", ""hex"": ""#F5F5F5""}], ""sizes"": [""S"", ""M"", ""L"", ""XL""]}","{""hero"": ""/images/products/studio-clean-performance-everyday-shorts-10013/1.jpg"", ""gallery"": [""/images/products/studio-clean-performance-everyday-shorts-10013/1.jpg"", ""/images/products/studio-clean-performance-everyday-shorts-10013/2.jpg"", ""/images/products/studio-clean-performance-everyday-shorts-10013/3.jpg"", ""/images/products/studio-clean-performance-everyday-shorts-10013/4.jpg""]}",False,False,2026-01-05T12:57:39.537905+00:00,2026-01-05T12:57:39.537905+00:00
d37f5188-a8b0-4478-a99d-382a576599d2,NV-10014,Cloud Vintage Performance Training Shorts,cloud-vintage-performance-training-shorts-10014,NUVRA,Apparel,Shorts,PLN,141.0,,0,4.4,19,"[""shorts"", ""gym"", ""new"", ""training"", ""performance""]","{""material"": ""mesh polyester"", ""fit"": ""Relaxed fit"", ""style"": ""Gym"", ""delivery"": ""Standard delivery: 3–5 business days"", ""highlights"": [""Soft, breathable fabric"", ""Moisture-wicking feel"", ""Comfortable fit"", ""High-quality construction"", ""Freedom of movement""]}","{""colors"": [{""name"": ""Black"", ""hex"": ""#111111""}, {""name"": ""Cobalt"", ""hex"": ""#1E4ED8""}, {""name"": ""Heather Gray"", ""hex"": ""#9AA0A6""}, {""name"": ""White"", ""hex"": ""#F5F5F5""}, {""name"": ""Cream"", ""hex"": ""#EFE7DA""}, {""name"": ""Burgundy"", ""hex"": ""#5A1A1A""}], ""sizes"": [""S"", ""M"", ""L"", ""XL""]}","{""hero"": ""/images/products/cloud-vintage-performance-training-shorts-10014/1.jpg"", ""gallery"": [""/images/products/cloud-vintage-performance-training-shorts-10014/1.jpg"", ""/images/products/cloud-vintage-performance-training-shorts-10014/2.jpg"", ""/images/products/cloud-vintage-performance-training-shorts-10014/3.jpg"", ""/images/products/cloud-vintage-performance-training-shorts-10014/4.jpg""]}",False,False,2026-01-05T12:57:39.537905+00:00,2026-01-05T12:57:39.537905+00:00
ad56f9fa-3d87-49ab-944e-149948b0d043,NV-10015,Iron Graphic Everyday Everyday Shorts,iron-graphic-everyday-everyday-shorts-10015,NUVRA,Apparel,Shorts,PLN,146.0,186.0,22,4.5,15,"[""shorts"", ""casual"", ""new""]","{""material"": ""polyester blend"", ""fit"": ""Relaxed fit"", ""style"": ""Casual"", ""delivery"": ""Standard delivery: 3–5 business days"", ""highlights"": [""Soft, breathable fabric"", ""High-quality construction"", ""Comfortable fit""]}","{""colors"": [{""name"": ""Sand"", ""hex"": ""#D6C7A1""}, {""name"": ""Black"", ""hex"": ""#111111""}, {""name"": ""Heather Gray"", ""hex"": ""#9AA0A6""}, {""name"": ""Teal"", ""hex"": ""#0F766E""}, {""name"": ""Cobalt"", ""hex"": ""#1E4ED8""}, {""name"": ""Cream"", ""hex"": ""#EFE7DA""}], ""sizes"": [""S"", ""M"", ""L"", ""XL""]}","{""hero"": ""/images/products/iron-graphic-everyday-everyday-shorts-10015/1.jpg"", ""gallery"": [""/images/products/iron-graphic-everyday-everyday-shorts-10015/1.jpg"", ""/images/products/iron-graphic-everyday-everyday-shorts-10015/2.jpg"", ""/images/products/iron-graphic-everyday-everyday-shorts-10015/3.jpg"", ""/images/products/iron-graphic-everyday-everyday-shorts-10015/4.jpg""]}",False,False,2026-01-05T12:57:39.537905+00:00,2026-01-05T12:57:39.537905+00:00
bdc46fdd-2d58-4304-ab05-03a99e595f79,NV-10016,Drift Graphic Everyday Everyday Shorts,drift-graphic-everyday-everyday-shorts-10016,NUVRA,Apparel,Shorts,PLN,187.0,237.0,21,4.6,40,"[""shorts"", ""casual"", ""new""]","{""material"": ""nylon blend"", ""fit"": ""Athletic fit"", ""style"": ""Casual"", ""delivery"": ""Standard delivery: 3–5 business days"", ""highlights"": [""Comfortable fit"", ""High-quality construction"", ""Soft, breathable fabric""]}","{""colors"": [{""name"": ""White"", ""hex"": ""#F5F5F5""}, {""name"": ""Burgundy"", ""hex"": ""#5A1A1A""}, {""name"": ""Sand"", ""hex"": ""#D6C7A1""}], ""sizes"": [""S"", ""M"", ""L"", ""XL""]}","{""hero"": ""/images/products/drift-graphic-everyday-everyday-shorts-10016/1.jpg"", ""gallery"": [""/images/products/drift-graphic-everyday-everyday-shorts-10016/1.jpg"", ""/images/products/drift-graphic-everyday-everyday-shorts-10016/2.jpg"", ""/images/products/drift-graphic-everyday-everyday-shorts-10016/3.jpg"", ""/images/products/drift-graphic-everyday-everyday-shorts-10016/4.jpg""]}",False,False,2026-01-05T12:57:39.537905+00:00,2026-01-05T12:57:39.537905+00:00
82bb0b4d-1832-4e07-8f81-ff98af78c4db,NV-10017,Prime Minimal Performance Everyday Shorts,prime-minimal-performance-everyday-shorts-10017,NUVRA,Apparel,Shorts,PLN,127.0,,0,4.7,12,"[""shorts"", ""gym"", ""new"", ""training"", ""performance""]","{""material"": ""polyester blend"", ""fit"": ""Relaxed fit"", ""style"": ""Gym"", ""delivery"": ""Standard delivery: 3–5 business days"", ""highlights"": [""High-quality construction"", ""Moisture-wicking feel"", ""Soft, breathable fabric"", ""Freedom of movement""]}","{""colors"": [{""name"": ""Black"", ""hex"": ""#111111""}, {""name"": ""Heather Gray"", ""hex"": ""#9AA0A6""}, {""name"": ""Burgundy"", ""hex"": ""#5A1A1A""}], ""sizes"": [""S"", ""M"", ""L"", ""XL""]}","{""hero"": ""/images/products/prime-minimal-performance-everyday-shorts-10017/1.jpg"", ""gallery"": [""/images/products/prime-minimal-performance-everyday-shorts-10017/1.jpg"", ""/images/products/prime-minimal-performance-everyday-shorts-10017/2.jpg"", ""/images/products/prime-minimal-performance-everyday-shorts-10017/3.jpg"", ""/images/products/prime-minimal-performance-everyday-shorts-10017/4.jpg""]}",False,False,2026-01-05T12:57:39.537905+00:00,2026-01-05T12:57:39.537905+00:00
0eafbf6e-9c08-4631-a9e4-8d154ad94165,NV-10018,Drift Ribbed Performance Everyday Shorts,drift-ribbed-performance-everyday-shorts-10018,NUVRA,Apparel,Shorts,PLN,205.0,,0,4.2,11,"[""shorts"", ""gym"", ""new"", ""training"", ""performance""]","{""material"": ""cotton blend"", ""fit"": ""Relaxed fit"", ""style"": ""Gym"", ""delivery"": ""Standard delivery: 3–5 business days"", ""highlights"": [""Comfortable fit"", ""Moisture-wicking feel"", ""High-quality construction"", ""Soft, breathable fabric"", ""Freedom of movement""]}","{""colors"": [{""name"": ""Sand"", ""hex"": ""#D6C7A1""}, {""name"": ""Heather Gray"", ""hex"": ""#9AA0A6""}, {""name"": ""White"", ""hex"": ""#F5F5F5""}, {""name"": ""Burgundy"", ""hex"": ""#5A1A1A""}, {""name"": ""Red"", ""hex"": ""#D72638""}, {""name"": ""Olive"", ""hex"": ""#4B5320""}], ""sizes"": [""S"", ""M"", ""L"", ""XL""]}","{""hero"": ""/images/products/drift-ribbed-performance-everyday-shorts-10018/1.jpg"", ""gallery"": [""/images/products/drift-ribbed-performance-everyday-shorts-10018/1.jpg"", ""/images/products/drift-ribbed-performance-everyday-shorts-10018/2.jpg"", ""/images/products/drift-ribbed-performance-everyday-shorts-10018/3.jpg"", ""/images/products/drift-ribbed-performance-everyday-shorts-10018/4.jpg""]}",True,False,2026-01-05T12:57:39.537905+00:00,2026-01-05T12:57:39.537905+00:00
66eda09b-60ef-48e1-bdc4-d0d915b1b432,NV-10019,Urban Vintage Everyday Everyday Shorts,urban-vintage-everyday-everyday-shorts-10019,NUVRA,Apparel,Shorts,PLN,194.0,273.0,29,4.6,13,"[""shorts"", ""casual"", ""new""]","{""material"": ""mesh polyester"", ""fit"": ""Relaxed fit"", ""style"": ""Casual"", ""delivery"": ""Standard delivery: 3–5 business days"", ""highlights"": [""Soft, breathable fabric"", ""Comfortable fit"", ""High-quality construction""]}","{""colors"": [{""name"": ""Navy"", ""hex"": ""#1B2A41""}, {""name"": ""Cream"", ""hex"": ""#EFE7DA""}, {""name"": ""Heather Gray"", ""hex"": ""#9AA0A6""}], ""sizes"": [""S"", ""M"", ""L"", ""XL""]}","{""hero"": ""/images/products/urban-vintage-everyday-everyday-shorts-10019/1.jpg"", ""gallery"": [""/images/products/urban-vintage-everyday-everyday-shorts-10019/1.jpg"", ""/images/products/urban-vintage-everyday-everyday-shorts-10019/2.jpg"", ""/images/products/urban-vintage-everyday-everyday-shorts-10019/3.jpg"", ""/images/products/urban-vintage-everyday-everyday-shorts-10019/4.jpg""]}",True,False,2026-01-05T12:57:39.537905+00:00,2026-01-05T12:57:39.537905+00:00
0b804c0c-89fa-4d33-95b6-8a658cf6e7c6,NV-10020,Pulse Minimal Performance Everyday Shorts,pulse-minimal-performance-everyday-shorts-10020,NUVRA,Apparel,Shorts,PLN,171.0,,0,4.6,41,"[""shorts"", ""gym"", ""new"", ""training"", ""performance""]","{""material"": ""polyester blend"", ""fit"": ""Regular fit"", ""style"": ""Gym"", ""delivery"": ""Standard delivery: 3–5 business days"", ""highlights"": [""Freedom of movement"", ""Soft, breathable fabric"", ""Moisture-wicking feel"", ""Comfortable fit"", ""High-quality construction""]}","{""colors"": [{""name"": ""Teal"", ""hex"": ""#0F766E""}, {""name"": ""Cream"", ""hex"": ""#EFE7DA""}, {""name"": ""Burgundy"", ""hex"": ""#5A1A1A""}, {""name"": ""Red"", ""hex"": ""#D72638""}], ""sizes"": [""S"", ""M"", ""L"", ""XL""]}","{""hero"": ""/images/products/pulse-minimal-performance-everyday-shorts-10020/1.jpg"", ""gallery"": [""/images/products/pulse-minimal-performance-everyday-shorts-10020/1.jpg"", ""/images/products/pulse-minimal-performance-everyday-shorts-10020/2.jpg"", ""/images/products/pulse-minimal-performance-everyday-shorts-10020/3.jpg"", ""/images/products/pulse-minimal-performance-everyday-shorts-10020/4.jpg""]}",False,False,2026-01-05T12:57:39.537905+00:00,2026-01-05T12:57:39.537905+00:00
ccdb9f7a-69a5-4045-b9c9-e51057ab1dd8,NV-10021,Studio Contrast Night Oxford Shirt,studio-contrast-night-oxford-shirt-10021,NUVRA,Apparel,Shirts,PLN,198.0,256.0,23,4.4,32,"[""shirts"", ""party"", ""new"", ""night-out""]","{""material"": ""oxford cotton"", ""fit"": ""Regular fit"", ""style"": ""Party"", ""delivery"": ""Standard delivery: 3–5 business days"", ""highlights"": [""Crisp collar"", ""Easy to dress up"", ""Soft, breathable fabric"", ""High-quality construction""]}","{""colors"": [{""name"": ""Red"", ""hex"": ""#D72638""}, {""name"": ""Cobalt"", ""hex"": ""#1E4ED8""}, {""name"": ""Teal"", ""hex"": ""#0F766E""}, {""name"": ""Navy"", ""hex"": ""#1B2A41""}, {""name"": ""White"", ""hex"": ""#F5F5F5""}], ""sizes"": [""S"", ""M"", ""L"", ""XL""]}","{""hero"": ""/images/products/studio-contrast-night-oxford-shirt-10021/1.jpg"", ""gallery"": [""/images/products/studio-contrast-night-oxford-shirt-10021/1.jpg"", ""/images/products/studio-contrast-night-oxford-shirt-10021/2.jpg"", ""/images/products/studio-contrast-night-oxford-shirt-10021/3.jpg"", ""/images/products/studio-contrast-night-oxford-shirt-10021/4.jpg""]}",True,False,2026-01-05T12:57:39.537905+00:00,2026-01-05T12:57:39.537905+00:00
afab37e9-a959-413f-81d5-0190c3048aa8,NV-10022,Pulse Performance Everyday Poplin Shirt,pulse-performance-everyday-poplin-shirt-10022,NUVRA,Apparel,Shirts,PLN,274.0,367.0,25,4.7,36,"[""shirts"", ""casual"", ""new""]","{""material"": ""viscose blend"", ""fit"": ""Slim fit"", ""style"": ""Casual"", ""delivery"": ""Standard delivery: 3–5 business days"", ""highlights"": [""Comfortable fit"", ""High-quality construction"", ""Soft, breathable fabric""]}","{""colors"": [{""name"": ""Charcoal"", ""hex"": ""#2E2E2E""}, {""name"": ""Teal"", ""hex"": ""#0F766E""}, {""name"": ""Red"", ""hex"": ""#D72638""}], ""sizes"": [""S"", ""M"", ""L"", ""XL""]}","{""hero"": ""/images/products/pulse-performance-everyday-poplin-shirt-10022/1.jpg"", ""gallery"": [""/images/products/pulse-performance-everyday-poplin-shirt-10022/1.jpg"", ""/images/products/pulse-performance-everyday-poplin-shirt-10022/2.jpg"", ""/images/products/pulse-performance-everyday-poplin-shirt-10022/3.jpg"", ""/images/products/pulse-performance-everyday-poplin-shirt-10022/4.jpg""]}",False,False,2026-01-05T12:57:39.537905+00:00,2026-01-05T12:57:39.537905+00:00
45797b7f-5363-40da-b235-0ed0709b41b0,NV-10023,Stone Minimal Smart Poplin Shirt,stone-minimal-smart-poplin-shirt-10023,NUVRA,Apparel,Shirts,PLN,318.0,389.0,18,4.5,19,"[""shirts"", ""formal"", ""new"", ""smart"", ""office""]","{""material"": ""linen blend"", ""fit"": ""Regular fit"", ""style"": ""Formal"", ""delivery"": ""Standard delivery: 3–5 business days"", ""highlights"": [""Easy to dress up"", ""High-quality construction"", ""Crisp collar"", ""Comfortable fit"", ""Soft, breathable fabric""]}","{""colors"": [{""name"": ""White"", ""hex"": ""#F5F5F5""}, {""name"": ""Charcoal"", ""hex"": ""#2E2E2E""}, {""name"": ""Black"", ""hex"": ""#111111""}, {""name"": ""Sand"", ""hex"": ""#D6C7A1""}, {""name"": ""Cream"", ""hex"": ""#EFE7DA""}], ""sizes"": [""S"", ""M"", ""L"", ""XL""]}","{""hero"": ""/images/products/stone-minimal-smart-poplin-shirt-10023/1.jpg"", ""gallery"": [""/images/products/stone-minimal-smart-poplin-shirt-10023/1.jpg"", ""/images/products/stone-minimal-smart-poplin-shirt-10023/2.jpg"", ""/images/products/stone-minimal-smart-poplin-shirt-10023/3.jpg"", ""/images/products/stone-minimal-smart-poplin-shirt-10023/4.jpg""]}",False,False,2026-01-05T12:57:39.537905+00:00,2026-01-05T12:57:39.537905+00:00
71298f1a-f671-40db-8fb0-e18fc8790d96,NV-10024,Nova Classic Night Poplin Shirt,nova-classic-night-poplin-shirt-10024,NUVRA,Apparel,Shirts,PLN,261.0,354.0,26,4.7,12,"[""shirts"", ""party"", ""new"", ""night-out""]","{""material"": ""linen blend"", ""fit"": ""Slim fit"", ""style"": ""Party"", ""delivery"": ""Standard delivery: 3–5 business days"", ""highlights"": [""Crisp collar"", ""High-quality construction"", ""Comfortable fit"", ""Soft, breathable fabric"", ""Easy to dress up""]}","{""colors"": [{""name"": ""Sand"", ""hex"": ""#D6C7A1""}, {""name"": ""Navy"", ""hex"": ""#1B2A41""}, {""name"": ""Cobalt"", ""hex"": ""#1E4ED8""}, {""name"": ""Red"", ""hex"": ""#D72638""}, {""name"": ""Cream"", ""hex"": ""#EFE7DA""}], ""sizes"": [""S"", ""M"", ""L"", ""XL""]}","{""hero"": ""/images/products/nova-classic-night-poplin-shirt-10024/1.jpg"", ""gallery"": [""/images/products/nova-classic-night-poplin-shirt-10024/1.jpg"", ""/images/products/nova-classic-night-poplin-shirt-10024/2.jpg"", ""/images/products/nova-classic-night-poplin-shirt-10024/3.jpg"", ""/images/products/nova-classic-night-poplin-shirt-10024/4.jpg""]}",False,False,2026-01-05T12:57:39.537905+00:00,2026-01-05T12:57:39.537905+00:00
3ae68620-ae32-4c9c-9a5e-05231427691b,NV-10025,Nova Clean Night Oxford Shirt,nova-clean-night-oxford-shirt-10025,NUVRA,Apparel,Shirts,PLN,269.0,336.0,20,4.6,14,"[""shirts"", ""party"", ""new"", ""night-out""]","{""material"": ""viscose blend"", ""fit"": ""Relaxed fit"", ""style"": ""Party"", ""delivery"": ""Standard delivery: 3–5 business days"", ""highlights"": [""High-quality construction"", ""Easy to dress up"", ""Comfortable fit"", ""Soft, breathable fabric"", ""Crisp collar""]}","{""colors"": [{""name"": ""White"", ""hex"": ""#F5F5F5""}, {""name"": ""Charcoal"", ""hex"": ""#2E2E2E""}, {""name"": ""Olive"", ""hex"": ""#4B5320""}, {""name"": ""Sand"", ""hex"": ""#D6C7A1""}, {""name"": ""Cream"", ""hex"": ""#EFE7DA""}], ""sizes"": [""S"", ""M"", ""L"", ""XL""]}","{""hero"": ""/images/products/nova-clean-night-oxford-shirt-10025/1.jpg"", ""gallery"": [""/images/products/nova-clean-night-oxford-shirt-10025/1.jpg"", ""/images/products/nova-clean-night-oxford-shirt-10025/2.jpg"", ""/images/products/nova-clean-night-oxford-shirt-10025/3.jpg"", ""/images/products/nova-clean-night-oxford-shirt-10025/4.jpg""]}",False,False,2026-01-05T12:57:39.537905+00:00,2026-01-05T12:57:39.537905+00:00
0ed3aba2-cb5d-43be-84fc-fff1ebbbacb8,NV-10026,Studio Graphic Everyday Poplin Shirt,studio-graphic-everyday-poplin-shirt-10026,NUVRA,Apparel,Shirts,PLN,261.0,,0,4.5,11,"[""shirts"", ""casual"", ""new""]","{""material"": ""oxford cotton"", ""fit"": ""Regular fit"", ""style"": ""Casual"", ""delivery"": ""Standard delivery: 3–5 business days"", ""highlights"": [""Comfortable fit"", ""Soft, breathable fabric"", ""High-quality construction""]}","{""colors"": [{""name"": ""White"", ""hex"": ""#F5F5F5""}, {""name"": ""Black"", ""hex"": ""#111111""}, {""name"": ""Red"", ""hex"": ""#D72638""}, {""name"": ""Heather Gray"", ""hex"": ""#9AA0A6""}], ""sizes"": [""S"", ""M"", ""L"", ""XL""]}","{""hero"": ""/images/products/studio-graphic-everyday-poplin-shirt-10026/1.jpg"", ""gallery"": [""/images/products/studio-graphic-everyday-poplin-shirt-10026/1.jpg"", ""/images/products/studio-graphic-everyday-poplin-shirt-10026/2.jpg"", ""/images/products/studio-graphic-everyday-poplin-shirt-10026/3.jpg"", ""/images/products/studio-graphic-everyday-poplin-shirt-10026/4.jpg""]}",False,True,2026-01-05T12:57:39.537905+00:00,2026-01-05T12:57:39.537905+00:00
bd623b44-0e6b-425b-9fd7-8ad02bbc19ad,NV-10027,Flux Classic Everyday Resort Shirt,flux-classic-everyday-resort-shirt-10027,NUVRA,Apparel,Shirts,PLN,183.0,,0,4.7,34,"[""shirts"", ""casual"", ""new""]","{""material"": ""cotton poplin"", ""fit"": ""Regular fit"", ""style"": ""Casual"", ""delivery"": ""Standard delivery: 3–5 business days"", ""highlights"": [""Soft, breathable fabric"", ""Comfortable fit"", ""High-quality construction""]}","{""colors"": [{""name"": ""Sand"", ""hex"": ""#D6C7A1""}, {""name"": ""Olive"", ""hex"": ""#4B5320""}, {""name"": ""Cobalt"", ""hex"": ""#1E4ED8""}, {""name"": ""Navy"", ""hex"": ""#1B2A41""}], ""sizes"": [""S"", ""M"", ""L"", ""XL""]}","{""hero"": ""/images/products/flux-classic-everyday-resort-shirt-10027/1.jpg"", ""gallery"": [""/images/products/flux-classic-everyday-resort-shirt-10027/1.jpg"", ""/images/products/flux-classic-everyday-resort-shirt-10027/2.jpg"", ""/images/products/flux-classic-everyday-resort-shirt-10027/3.jpg"", ""/images/products/flux-classic-everyday-resort-shirt-10027/4.jpg""]}",False,False,2026-01-05T12:57:39.537905+00:00,2026-01-05T12:57:39.537905+00:00
4f1c799d-c24c-4ba7-b34e-94b4c25be070,NV-10028,Prime Contrast Smart Poplin Shirt,prime-contrast-smart-poplin-shirt-10028,NUVRA,Apparel,Shirts,PLN,329.0,,0,4.7,41,"[""shirts"", ""formal"", ""new"", ""smart"", ""office""]","{""material"": ""cotton poplin"", ""fit"": ""Slim fit"", ""style"": ""Formal"", ""delivery"": ""Standard delivery: 3–5 business days"", ""highlights"": [""Crisp collar"", ""Comfortable fit"", ""Soft, breathable fabric"", ""High-quality construction""]}","{""colors"": [{""name"": ""Sand"", ""hex"": ""#D6C7A1""}, {""name"": ""Burgundy"", ""hex"": ""#5A1A1A""}, {""name"": ""Charcoal"", ""hex"": ""#2E2E2E""}, {""name"": ""Cream"", ""hex"": ""#EFE7DA""}], ""sizes"": [""S"", ""M"", ""L"", ""XL""]}","{""hero"": ""/images/products/prime-contrast-smart-poplin-shirt-10028/1.jpg"", ""gallery"": [""/images/products/prime-contrast-smart-poplin-shirt-10028/1.jpg"", ""/images/products/prime-contrast-smart-poplin-shirt-10028/2.jpg"", ""/images/products/prime-contrast-smart-poplin-shirt-10028/3.jpg"", ""/images/products/prime-contrast-smart-poplin-shirt-10028/4.jpg""]}",True,True,2026-01-05T12:57:39.537905+00:00,2026-01-05T12:57:39.537905+00:00
49d4ba27-b949-4ba2-80dc-797cf8aa6f4e,NV-10029,Nova Tech Night Poplin Shirt,nova-tech-night-poplin-shirt-10029,NUVRA,Apparel,Shirts,PLN,230.0,,0,4.7,13,"[""shirts"", ""party"", ""new"", ""night-out""]","{""material"": ""oxford cotton"", ""fit"": ""Relaxed fit"", ""style"": ""Party"", ""delivery"": ""Standard delivery: 3–5 business days"", ""highlights"": [""Crisp collar"", ""Soft, breathable fabric"", ""Easy to dress up"", ""Comfortable fit"", ""High-quality construction""]}","{""colors"": [{""name"": ""Cobalt"", ""hex"": ""#1E4ED8""}, {""name"": ""Black"", ""hex"": ""#111111""}, {""name"": ""Red"", ""hex"": ""#D72638""}, {""name"": ""White"", ""hex"": ""#F5F5F5""}], ""sizes"": [""S"", ""M"", ""L"", ""XL""]}","{""hero"": ""/images/products/nova-tech-night-poplin-shirt-10029/1.jpg"", ""gallery"": [""/images/products/nova-tech-night-poplin-shirt-10029/1.jpg"", ""/images/products/nova-tech-night-poplin-shirt-10029/2.jpg"", ""/images/products/nova-tech-night-poplin-shirt-10029/3.jpg"", ""/images/products/nova-tech-night-poplin-shirt-10029/4.jpg""]}",False,False,2026-01-05T12:57:39.537905+00:00,2026-01-05T12:57:39.537905+00:00
f5e73a20-dd68-43ac-8a2e-6867d1a93b41,NV-10030,Atlas Graphic Smart Oxford Shirt,atlas-graphic-smart-oxford-shirt-10030,NUVRA,Apparel,Shirts,PLN,305.0,,0,4.4,28,"[""shirts"", ""formal"", ""new"", ""smart"", ""office""]","{""material"": ""linen blend"", ""fit"": ""Relaxed fit"", ""style"": ""Formal"", ""delivery"": ""Standard delivery: 3–5 business days"", ""highlights"": [""Easy to dress up"", ""Soft, breathable fabric"", ""Comfortable fit"", ""Crisp collar"", ""High-quality construction""]}","{""colors"": [{""name"": ""Burgundy"", ""hex"": ""#5A1A1A""}, {""name"": ""Heather Gray"", ""hex"": ""#9AA0A6""}, {""name"": ""Cream"", ""hex"": ""#EFE7DA""}, {""name"": ""Charcoal"", ""hex"": ""#2E2E2E""}, {""name"": ""Teal"", ""hex"": ""#0F766E""}], ""sizes"": [""S"", ""M"", ""L"", ""XL""]}","{""hero"": ""/images/products/atlas-graphic-smart-oxford-shirt-10030/1.jpg"", ""gallery"": [""/images/products/atlas-graphic-smart-oxford-shirt-10030/1.jpg"", ""/images/products/atlas-graphic-smart-oxford-shirt-10030/2.jpg"", ""/images/products/atlas-graphic-smart-oxford-shirt-10030/3.jpg"", ""/images/products/atlas-graphic-smart-oxford-shirt-10030/4.jpg""]}",True,False,2026-01-05T12:57:39.537905+00:00,2026-01-05T12:57:39.537905+00:00
514fd910-7b7c-4de8-8ea4-153eb21d2891,NV-10031,Iron Ribbed Everyday Hoodie,iron-ribbed-everyday-hoodie-10031,NUVRA,Apparel,Hoodie,PLN,367.0,,0,4.8,10,"[""hoodie"", ""casual"", ""new""]","{""material"": ""loopback cotton"", ""fit"": ""Relaxed fit"", ""style"": ""Casual"", ""delivery"": ""Standard delivery: 3–5 business days"", ""highlights"": [""High-quality construction"", ""Comfortable fit"", ""Soft, breathable fabric""]}","{""colors"": [{""name"": ""Red"", ""hex"": ""#D72638""}, {""name"": ""Burgundy"", ""hex"": ""#5A1A1A""}, {""name"": ""Black"", ""hex"": ""#111111""}], ""sizes"": [""S"", ""M"", ""L"", ""XL"", ""XXL""]}","{""hero"": ""/images/products/iron-ribbed-everyday-hoodie-10031/1.jpg"", ""gallery"": [""/images/products/iron-ribbed-everyday-hoodie-10031/1.jpg"", ""/images/products/iron-ribbed-everyday-hoodie-10031/2.jpg"", ""/images/products/iron-ribbed-everyday-hoodie-10031/3.jpg"", ""/images/products/iron-ribbed-everyday-hoodie-10031/4.jpg""]}",False,False,2026-01-05T12:57:39.537905+00:00,2026-01-05T12:57:39.537905+00:00
37e7969b-f667-4789-821e-b8f667a6db7b,NV-10032,Iron Graphic Everyday Hoodie,iron-graphic-everyday-hoodie-10032,NUVRA,Apparel,Hoodie,PLN,274.0,349.0,21,4.6,34,"[""hoodie"", ""casual"", ""new""]","{""material"": ""cotton-poly blend"", ""fit"": ""Regular fit"", ""style"": ""Casual"", ""delivery"": ""Standard delivery: 3–5 business days"", ""highlights"": [""Soft, breathable fabric"", ""High-quality construction"", ""Comfortable fit""]}","{""colors"": [{""name"": ""Charcoal"", ""hex"": ""#2E2E2E""}, {""name"": ""Cobalt"", ""hex"": ""#1E4ED8""}, {""name"": ""Olive"", ""hex"": ""#4B5320""}, {""name"": ""Burgundy"", ""hex"": ""#5A1A1A""}], ""sizes"": [""S"", ""M"", ""L"", ""XL"", ""XXL""]}","{""hero"": ""/images/products/iron-graphic-everyday-hoodie-10032/1.jpg"", ""gallery"": [""/images/products/iron-graphic-everyday-hoodie-10032/1.jpg"", ""/images/products/iron-graphic-everyday-hoodie-10032/2.jpg"", ""/images/products/iron-graphic-everyday-hoodie-10032/3.jpg"", ""/images/products/iron-graphic-everyday-hoodie-10032/4.jpg""]}",False,False,2026-01-05T12:57:39.537905+00:00,2026-01-05T12:57:39.537905+00:00
00a64ee4-b38a-498b-b58b-f2366d6b9bbd,NV-10033,Prime Tonal Everyday Zip Hoodie,prime-tonal-everyday-zip-hoodie-10033,NUVRA,Apparel,Hoodie,PLN,371.0,469.0,21,4.6,12,"[""hoodie"", ""casual"", ""new""]","{""material"": ""cotton-poly blend"", ""fit"": ""Oversized fit"", ""style"": ""Casual"", ""delivery"": ""Standard delivery: 3–5 business days"", ""highlights"": [""Comfortable fit"", ""High-quality construction"", ""Soft, breathable fabric""]}","{""colors"": [{""name"": ""White"", ""hex"": ""#F5F5F5""}, {""name"": ""Burgundy"", ""hex"": ""#5A1A1A""}, {""name"": ""Heather Gray"", ""hex"": ""#9AA0A6""}, {""name"": ""Cream"", ""hex"": ""#EFE7DA""}, {""name"": ""Black"", ""hex"": ""#111111""}], ""sizes"": [""S"", ""M"", ""L"", ""XL"", ""XXL""]}","{""hero"": ""/images/products/prime-tonal-everyday-zip-hoodie-10033/1.jpg"", ""gallery"": [""/images/products/prime-tonal-everyday-zip-hoodie-10033/1.jpg"", ""/images/products/prime-tonal-everyday-zip-hoodie-10033/2.jpg"", ""/images/products/prime-tonal-everyday-zip-hoodie-10033/3.jpg"", ""/images/products/prime-tonal-everyday-zip-hoodie-10033/4.jpg""]}",False,True,2026-01-05T12:57:39.537905+00:00,2026-01-05T12:57:39.537905+00:00
45c469e2-8673-4249-8839-d7269927506e,NV-10034,Nova Clean Performance Zip Hoodie,nova-clean-performance-zip-hoodie-10034,NUVRA,Apparel,Hoodie,PLN,303.0,,0,4.6,13,"[""hoodie"", ""gym"", ""new"", ""training"", ""performance""]","{""material"": ""brushed fleece"", ""fit"": ""Relaxed fit"", ""style"": ""Gym"", ""delivery"": ""Standard delivery: 3–5 business days"", ""highlights"": [""Freedom of movement"", ""Comfortable fit"", ""Moisture-wicking feel"", ""High-quality construction""]}","{""colors"": [{""name"": ""Black"", ""hex"": ""#111111""}, {""name"": ""Olive"", ""hex"": ""#4B5320""}, {""name"": ""Heather Gray"", ""hex"": ""#9AA0A6""}, {""name"": ""Cream"", ""hex"": ""#EFE7DA""}, {""name"": ""Cobalt"", ""hex"": ""#1E4ED8""}], ""sizes"": [""S"", ""M"", ""L"", ""XL"", ""XXL""]}","{""hero"": ""/images/products/nova-clean-performance-zip-hoodie-10034/1.jpg"", ""gallery"": [""/images/products/nova-clean-performance-zip-hoodie-10034/1.jpg"", ""/images/products/nova-clean-performance-zip-hoodie-10034/2.jpg"", ""/images/products/nova-clean-performance-zip-hoodie-10034/3.jpg"", ""/images/products/nova-clean-performance-zip-hoodie-10034/4.jpg""]}",False,False,2026-01-05T12:57:39.537905+00:00,2026-01-05T12:57:39.537905+00:00
b80cc486-3be9-4a61-bfb7-63485d0214cf,NV-10035,Prime Graphic Performance Zip Hoodie,prime-graphic-performance-zip-hoodie-10035,NUVRA,Apparel,Hoodie,PLN,199.0,288.0,31,4.5,36,"[""hoodie"", ""gym"", ""new"", ""training"", ""performance""]","{""material"": ""fleece cotton"", ""fit"": ""Regular fit"", ""style"": ""Gym"", ""delivery"": ""Standard delivery: 3–5 business days"", ""highlights"": [""Moisture-wicking feel"", ""Comfortable fit"", ""Freedom of movement"", ""High-quality construction""]}","{""colors"": [{""name"": ""Cobalt"", ""hex"": ""#1E4ED8""}, {""name"": ""Navy"", ""hex"": ""#1B2A41""}, {""name"": ""Charcoal"", ""hex"": ""#2E2E2E""}, {""name"": ""White"", ""hex"": ""#F5F5F5""}], ""sizes"": [""S"", ""M"", ""L"", ""XL"", ""XXL""]}","{""hero"": ""/images/products/prime-graphic-performance-zip-hoodie-10035/1.jpg"", ""gallery"": [""/images/products/prime-graphic-performance-zip-hoodie-10035/1.jpg"", ""/images/products/prime-graphic-performance-zip-hoodie-10035/2.jpg"", ""/images/products/prime-graphic-performance-zip-hoodie-10035/3.jpg"", ""/images/products/prime-graphic-performance-zip-hoodie-10035/4.jpg""]}",True,False,2026-01-05T12:57:39.537905+00:00,2026-01-05T12:57:39.537905+00:00
741d4385-4107-4c94-ad01-069b2590774a,NV-10036,Urban Tonal Everyday Hoodie,urban-tonal-everyday-hoodie-10036,NUVRA,Apparel,Hoodie,PLN,214.0,,0,4.5,36,"[""hoodie"", ""casual"", ""new""]","{""material"": ""fleece cotton"", ""fit"": ""Relaxed fit"", ""style"": ""Casual"", ""delivery"": ""Standard delivery: 3–5 business days"", ""highlights"": [""Comfortable fit"", ""Soft, breathable fabric"", ""High-quality construction""]}","{""colors"": [{""name"": ""Sand"", ""hex"": ""#D6C7A1""}, {""name"": ""Burgundy"", ""hex"": ""#5A1A1A""}, {""name"": ""White"", ""hex"": ""#F5F5F5""}, {""name"": ""Cream"", ""hex"": ""#EFE7DA""}, {""name"": ""Cobalt"", ""hex"": ""#1E4ED8""}, {""name"": ""Black"", ""hex"": ""#111111""}], ""sizes"": [""S"", ""M"", ""L"", ""XL"", ""XXL""]}","{""hero"": ""/images/products/urban-tonal-everyday-hoodie-10036/1.jpg"", ""gallery"": [""/images/products/urban-tonal-everyday-hoodie-10036/1.jpg"", ""/images/products/urban-tonal-everyday-hoodie-10036/2.jpg"", ""/images/products/urban-tonal-everyday-hoodie-10036/3.jpg"", ""/images/products/urban-tonal-everyday-hoodie-10036/4.jpg""]}",False,False,2026-01-05T12:57:39.537905+00:00,2026-01-05T12:57:39.537905+00:00
d236e93b-1bdb-4965-b1ee-98339f3da177,NV-10037,Prime Vintage Performance Pullover Hoodie,prime-vintage-performance-pullover-hoodie-10037,NUVRA,Apparel,Hoodie,PLN,369.0,530.0,30,4.8,41,"[""hoodie"", ""gym"", ""new"", ""training"", ""performance""]","{""material"": ""cotton-poly blend"", ""fit"": ""Regular fit"", ""style"": ""Gym"", ""delivery"": ""Standard delivery: 3–5 business days"", ""highlights"": [""Moisture-wicking feel"", ""Comfortable fit"", ""High-quality construction"", ""Soft, breathable fabric""]}","{""colors"": [{""name"": ""White"", ""hex"": ""#F5F5F5""}, {""name"": ""Teal"", ""hex"": ""#0F766E""}, {""name"": ""Burgundy"", ""hex"": ""#5A1A1A""}, {""name"": ""Red"", ""hex"": ""#D72638""}, {""name"": ""Sand"", ""hex"": ""#D6C7A1""}, {""name"": ""Black"", ""hex"": ""#111111""}], ""sizes"": [""S"", ""M"", ""L"", ""XL"", ""XXL""]}","{""hero"": ""/images/products/prime-vintage-performance-pullover-hoodie-10037/1.jpg"", ""gallery"": [""/images/products/prime-vintage-performance-pullover-hoodie-10037/1.jpg"", ""/images/products/prime-vintage-performance-pullover-hoodie-10037/2.jpg"", ""/images/products/prime-vintage-performance-pullover-hoodie-10037/3.jpg"", ""/images/products/prime-vintage-performance-pullover-hoodie-10037/4.jpg""]}",False,False,2026-01-05T12:57:39.537905+00:00,2026-01-05T12:57:39.537905+00:00
64335d3f-c43e-4022-8585-fc7036d43e80,NV-10038,Night Tonal Performance Zip Hoodie,night-tonal-performance-zip-hoodie-10038,NUVRA,Apparel,Hoodie,PLN,267.0,329.0,19,4.6,10,"[""hoodie"", ""gym"", ""new"", ""training"", ""performance""]","{""material"": ""loopback cotton"", ""fit"": ""Regular fit"", ""style"": ""Gym"", ""delivery"": ""Standard delivery: 3–5 business days"", ""highlights"": [""Freedom of movement"", ""High-quality construction"", ""Moisture-wicking feel"", ""Soft, breathable fabric"", ""Comfortable fit""]}","{""colors"": [{""name"": ""Olive"", ""hex"": ""#4B5320""}, {""name"": ""Teal"", ""hex"": ""#0F766E""}, {""name"": ""Black"", ""hex"": ""#111111""}, {""name"": ""Charcoal"", ""hex"": ""#2E2E2E""}, {""name"": ""Cobalt"", ""hex"": ""#1E4ED8""}], ""sizes"": [""S"", ""M"", ""L"", ""XL"", ""XXL""]}","{""hero"": ""/images/products/night-tonal-performance-zip-hoodie-10038/1.jpg"", ""gallery"": [""/images/products/night-tonal-performance-zip-hoodie-10038/1.jpg"", ""/images/products/night-tonal-performance-zip-hoodie-10038/2.jpg"", ""/images/products/night-tonal-performance-zip-hoodie-10038/3.jpg"", ""/images/products/night-tonal-performance-zip-hoodie-10038/4.jpg""]}",True,False,2026-01-05T12:57:39.537905+00:00,2026-01-05T12:57:39.537905+00:00
2867d8eb-52c2-4746-bd7b-c3abdd4cb01f,NV-10039,Prime Vintage Performance Hoodie,prime-vintage-performance-hoodie-10039,NUVRA,Apparel,Hoodie,PLN,271.0,,0,4.6,19,"[""hoodie"", ""gym"", ""new"", ""training"", ""performance""]","{""material"": ""fleece cotton"", ""fit"": ""Regular fit"", ""style"": ""Gym"", ""delivery"": ""Standard delivery: 3–5 business days"", ""highlights"": [""Freedom of movement"", ""Moisture-wicking feel"", ""Soft, breathable fabric"", ""High-quality construction"", ""Comfortable fit""]}","{""colors"": [{""name"": ""Cobalt"", ""hex"": ""#1E4ED8""}, {""name"": ""Burgundy"", ""hex"": ""#5A1A1A""}, {""name"": ""Navy"", ""hex"": ""#1B2A41""}, {""name"": ""Black"", ""hex"": ""#111111""}, {""name"": ""Heather Gray"", ""hex"": ""#9AA0A6""}, {""name"": ""Cream"", ""hex"": ""#EFE7DA""}], ""sizes"": [""S"", ""M"", ""L"", ""XL"", ""XXL""]}","{""hero"": ""/images/products/prime-vintage-performance-hoodie-10039/1.jpg"", ""gallery"": [""/images/products/prime-vintage-performance-hoodie-10039/1.jpg"", ""/images/products/prime-vintage-performance-hoodie-10039/2.jpg"", ""/images/products/prime-vintage-performance-hoodie-10039/3.jpg"", ""/images/products/prime-vintage-performance-hoodie-10039/4.jpg""]}",True,False,2026-01-05T12:57:39.537905+00:00,2026-01-05T12:57:39.537905+00:00
06849d6e-c253-40b8-b0ee-07c8829d1a67,NV-10040,Pulse Vintage Everyday Hoodie,pulse-vintage-everyday-hoodie-10040,NUVRA,Apparel,Hoodie,PLN,282.0,404.0,30,4.5,45,"[""hoodie"", ""casual"", ""new""]","{""material"": ""loopback cotton"", ""fit"": ""Oversized fit"", ""style"": ""Casual"", ""delivery"": ""Standard delivery: 3–5 business days"", ""highlights"": [""High-quality construction"", ""Soft, breathable fabric"", ""Comfortable fit""]}","{""colors"": [{""name"": ""Teal"", ""hex"": ""#0F766E""}, {""name"": ""Olive"", ""hex"": ""#4B5320""}, {""name"": ""White"", ""hex"": ""#F5F5F5""}, {""name"": ""Sand"", ""hex"": ""#D6C7A1""}, {""name"": ""Red"", ""hex"": ""#D72638""}, {""name"": ""Cream"", ""hex"": ""#EFE7DA""}], ""sizes"": [""S"", ""M"", ""L"", ""XL"", ""XXL""]}","{""hero"": ""/images/products/pulse-vintage-everyday-hoodie-10040/1.jpg"", ""gallery"": [""/images/products/pulse-vintage-everyday-hoodie-10040/1.jpg"", ""/images/products/pulse-vintage-everyday-hoodie-10040/2.jpg"", ""/images/products/pulse-vintage-everyday-hoodie-10040/3.jpg"", ""/images/products/pulse-vintage-everyday-hoodie-10040/4.jpg""]}",True,False,2026-01-05T12:57:39.537905+00:00,2026-01-05T12:57:39.537905+00:00
c757506a-87d1-423c-882b-6226aaf74e18,NV-10041,Urban Classic Night Denim Jeans,urban-classic-night-denim-jeans-10041,NUVRA,Apparel,Jeans,PLN,364.0,,0,4.8,27,"[""jeans"", ""party"", ""new"", ""night-out""]","{""material"": ""denim 13oz"", ""fit"": ""Straight fit"", ""style"": ""Party"", ""delivery"": ""Standard delivery: 3–5 business days"", ""highlights"": [""Comfortable fit"", ""Soft, breathable fabric"", ""Durable denim"", ""Everyday versatility"", ""High-quality construction""]}","{""colors"": [{""name"": ""Charcoal"", ""hex"": ""#2E2E2E""}, {""name"": ""Cream"", ""hex"": ""#EFE7DA""}, {""name"": ""White"", ""hex"": ""#F5F5F5""}], ""sizes"": [""28"", ""30"", ""32"", ""34"", ""36""]}","{""hero"": ""/images/products/urban-classic-night-denim-jeans-10041/1.jpg"", ""gallery"": [""/images/products/urban-classic-night-denim-jeans-10041/1.jpg"", ""/images/products/urban-classic-night-denim-jeans-10041/2.jpg"", ""/images/products/urban-classic-night-denim-jeans-10041/3.jpg"", ""/images/products/urban-classic-night-denim-jeans-10041/4.jpg""]}",False,True,2026-01-05T12:57:39.537905+00:00,2026-01-05T12:57:39.537905+00:00
ffec84aa-45c5-4152-99ae-4f635b3d2ad9,NV-10042,Urban Classic Everyday Jeans,urban-classic-everyday-jeans-10042,NUVRA,Apparel,Jeans,PLN,363.0,,0,4.5,13,"[""jeans"", ""casual"", ""new""]","{""material"": ""denim 12oz"", ""fit"": ""Straight fit"", ""style"": ""Casual"", ""delivery"": ""Standard delivery: 3–5 business days"", ""highlights"": [""Durable denim"", ""High-quality construction"", ""Everyday versatility"", ""Comfortable fit"", ""Soft, breathable fabric""]}","{""colors"": [{""name"": ""Black"", ""hex"": ""#111111""}, {""name"": ""Cream"", ""hex"": ""#EFE7DA""}], ""sizes"": [""28"", ""30"", ""32"", ""34"", ""36""]}","{""hero"": ""/images/products/urban-classic-everyday-jeans-10042/1.jpg"", ""gallery"": [""/images/products/urban-classic-everyday-jeans-10042/1.jpg"", ""/images/products/urban-classic-everyday-jeans-10042/2.jpg"", ""/images/products/urban-classic-everyday-jeans-10042/3.jpg"", ""/images/products/urban-classic-everyday-jeans-10042/4.jpg""]}",False,True,2026-01-05T12:57:39.537905+00:00,2026-01-05T12:57:39.537905+00:00
5de52be2-65f3-4f5a-82cd-972b05a08ab0,NV-10043,Pulse Structured Night Jeans,pulse-structured-night-jeans-10043,NUVRA,Apparel,Jeans,PLN,396.0,541.0,27,4.6,28,"[""jeans"", ""party"", ""new"", ""night-out""]","{""material"": ""stretch denim"", ""fit"": ""Straight fit"", ""style"": ""Party"", ""delivery"": ""Standard delivery: 3–5 business days"", ""highlights"": [""Comfortable fit"", ""Everyday versatility"", ""Soft, breathable fabric"", ""Durable denim"", ""High-quality construction""]}","{""colors"": [{""name"": ""Olive"", ""hex"": ""#4B5320""}, {""name"": ""White"", ""hex"": ""#F5F5F5""}], ""sizes"": [""28"", ""30"", ""32"", ""34"", ""36""]}","{""hero"": ""/images/products/pulse-structured-night-jeans-10043/1.jpg"", ""gallery"": [""/images/products/pulse-structured-night-jeans-10043/1.jpg"", ""/images/products/pulse-structured-night-jeans-10043/2.jpg"", ""/images/products/pulse-structured-night-jeans-10043/3.jpg"", ""/images/products/pulse-structured-night-jeans-10043/4.jpg""]}",False,False,2026-01-05T12:57:39.537905+00:00,2026-01-05T12:57:39.537905+00:00
cd5fef7d-44fa-4089-8393-623447cbb726,NV-10044,Prime Ribbed Everyday Jeans,prime-ribbed-everyday-jeans-10044,NUVRA,Apparel,Jeans,PLN,308.0,425.0,28,4.6,13,"[""jeans"", ""casual"", ""new""]","{""material"": ""stretch denim"", ""fit"": ""Slim fit"", ""style"": ""Casual"", ""delivery"": ""Standard delivery: 3–5 business days"", ""highlights"": [""Comfortable fit"", ""Durable denim"", ""Everyday versatility"", ""Soft, breathable fabric"", ""High-quality construction""]}","{""colors"": [{""name"": ""Heather Gray"", ""hex"": ""#9AA0A6""}, {""name"": ""Charcoal"", ""hex"": ""#2E2E2E""}], ""sizes"": [""28"", ""30"", ""32"", ""34"", ""36""]}","{""hero"": ""/images/products/prime-ribbed-everyday-jeans-10044/1.jpg"", ""gallery"": [""/images/products/prime-ribbed-everyday-jeans-10044/1.jpg"", ""/images/products/prime-ribbed-everyday-jeans-10044/2.jpg"", ""/images/products/prime-ribbed-everyday-jeans-10044/3.jpg"", ""/images/products/prime-ribbed-everyday-jeans-10044/4.jpg""]}",True,False,2026-01-05T12:57:39.537905+00:00,2026-01-05T12:57:39.537905+00:00
75f3035c-b6a0-4340-b73e-bb3d9f75fca7,NV-10045,Core Vintage Night Denim Jeans,core-vintage-night-denim-jeans-10045,NUVRA,Apparel,Jeans,PLN,320.0,,0,4.7,23,"[""jeans"", ""party"", ""new"", ""night-out""]","{""material"": ""stretch denim"", ""fit"": ""Straight fit"", ""style"": ""Party"", ""delivery"": ""Standard delivery: 3–5 business days"", ""highlights"": [""Soft, breathable fabric"", ""High-quality construction"", ""Everyday versatility"", ""Comfortable fit"", ""Durable denim""]}","{""colors"": [{""name"": ""Teal"", ""hex"": ""#0F766E""}, {""name"": ""Cream"", ""hex"": ""#EFE7DA""}, {""name"": ""Heather Gray"", ""hex"": ""#9AA0A6""}], ""sizes"": [""28"", ""30"", ""32"", ""34"", ""36""]}","{""hero"": ""/images/products/core-vintage-night-denim-jeans-10045/1.jpg"", ""gallery"": [""/images/products/core-vintage-night-denim-jeans-10045/1.jpg"", ""/images/products/core-vintage-night-denim-jeans-10045/2.jpg"", ""/images/products/core-vintage-night-denim-jeans-10045/3.jpg"", ""/images/products/core-vintage-night-denim-jeans-10045/4.jpg""]}",False,False,2026-01-05T12:57:39.537905+00:00,2026-01-05T12:57:39.537905+00:00
d59799c3-a570-4e5e-91a5-598d294daa28,NV-10046,Mono Performance Everyday Jeans,mono-performance-everyday-jeans-10046,NUVRA,Apparel,Jeans,PLN,338.0,,0,4.8,30,"[""jeans"", ""casual"", ""new""]","{""material"": ""stretch denim"", ""fit"": ""Straight fit"", ""style"": ""Casual"", ""delivery"": ""Standard delivery: 3–5 business days"", ""highlights"": [""Everyday versatility"", ""Durable denim"", ""Comfortable fit"", ""Soft, breathable fabric"", ""High-quality construction""]}","{""colors"": [{""name"": ""Sand"", ""hex"": ""#D6C7A1""}, {""name"": ""White"", ""hex"": ""#F5F5F5""}], ""sizes"": [""28"", ""30"", ""32"", ""34"", ""36""]}","{""hero"": ""/images/products/mono-performance-everyday-jeans-10046/1.jpg"", ""gallery"": [""/images/products/mono-performance-everyday-jeans-10046/1.jpg"", ""/images/products/mono-performance-everyday-jeans-10046/2.jpg"", ""/images/products/mono-performance-everyday-jeans-10046/3.jpg"", ""/images/products/mono-performance-everyday-jeans-10046/4.jpg""]}",False,True,2026-01-05T12:57:39.537905+00:00,2026-01-05T12:57:39.537905+00:00
247c48ee-381d-48db-9b56-8c11844f7060,NV-10047,Core Ribbed Everyday Denim Jeans,core-ribbed-everyday-denim-jeans-10047,NUVRA,Apparel,Jeans,PLN,270.0,,0,4.5,36,"[""jeans"", ""casual"", ""new""]","{""material"": ""denim 12oz"", ""fit"": ""Slim fit"", ""style"": ""Casual"", ""delivery"": ""Standard delivery: 3–5 business days"", ""highlights"": [""Everyday versatility"", ""Durable denim"", ""Soft, breathable fabric"", ""Comfortable fit""]}","{""colors"": [{""name"": ""Cream"", ""hex"": ""#EFE7DA""}, {""name"": ""Red"", ""hex"": ""#D72638""}, {""name"": ""Black"", ""hex"": ""#111111""}], ""sizes"": [""28"", ""30"", ""32"", ""34"", ""36""]}","{""hero"": ""/images/products/core-ribbed-everyday-denim-jeans-10047/1.jpg"", ""gallery"": [""/images/products/core-ribbed-everyday-denim-jeans-10047/1.jpg"", ""/images/products/core-ribbed-everyday-denim-jeans-10047/2.jpg"", ""/images/products/core-ribbed-everyday-denim-jeans-10047/3.jpg"", ""/images/products/core-ribbed-everyday-denim-jeans-10047/4.jpg""]}",False,True,2026-01-05T12:57:39.537905+00:00,2026-01-05T12:57:39.537905+00:00
bcc9aa3c-e0b1-46d9-847c-9b0b13a48637,NV-10048,Iron Graphic Everyday Denim Jeans,iron-graphic-everyday-denim-jeans-10048,NUVRA,Apparel,Jeans,PLN,418.0,525.0,20,4.4,32,"[""jeans"", ""casual"", ""new""]","{""material"": ""raw denim"", ""fit"": ""Slim fit"", ""style"": ""Casual"", ""delivery"": ""Standard delivery: 3–5 business days"", ""highlights"": [""Durable denim"", ""High-quality construction"", ""Comfortable fit"", ""Soft, breathable fabric""]}","{""colors"": [{""name"": ""Charcoal"", ""hex"": ""#2E2E2E""}, {""name"": ""Burgundy"", ""hex"": ""#5A1A1A""}, {""name"": ""White"", ""hex"": ""#F5F5F5""}], ""sizes"": [""28"", ""30"", ""32"", ""34"", ""36""]}","{""hero"": ""/images/products/iron-graphic-everyday-denim-jeans-10048/1.jpg"", ""gallery"": [""/images/products/iron-graphic-everyday-denim-jeans-10048/1.jpg"", ""/images/products/iron-graphic-everyday-denim-jeans-10048/2.jpg"", ""/images/products/iron-graphic-everyday-denim-jeans-10048/3.jpg"", ""/images/products/iron-graphic-everyday-denim-jeans-10048/4.jpg""]}",True,True,2026-01-05T12:57:39.537905+00:00,2026-01-05T12:57:39.537905+00:00
ad14a698-d4ff-4cdd-be84-17c45de4f15d,NV-10049,Studio Structured Night Jeans,studio-structured-night-jeans-10049,NUVRA,Apparel,Jeans,PLN,436.0,,0,4.8,24,"[""jeans"", ""party"", ""new"", ""night-out""]","{""material"": ""denim 12oz"", ""fit"": ""Tapered fit"", ""style"": ""Party"", ""delivery"": ""Standard delivery: 3–5 business days"", ""highlights"": [""High-quality construction"", ""Everyday versatility"", ""Comfortable fit"", ""Soft, breathable fabric""]}","{""colors"": [{""name"": ""Burgundy"", ""hex"": ""#5A1A1A""}, {""name"": ""Charcoal"", ""hex"": ""#2E2E2E""}, {""name"": ""Teal"", ""hex"": ""#0F766E""}], ""sizes"": [""28"", ""30"", ""32"", ""34"", ""36""]}","{""hero"": ""/images/products/studio-structured-night-jeans-10049/1.jpg"", ""gallery"": [""/images/products/studio-structured-night-jeans-10049/1.jpg"", ""/images/products/studio-structured-night-jeans-10049/2.jpg"", ""/images/products/studio-structured-night-jeans-10049/3.jpg"", ""/images/products/studio-structured-night-jeans-10049/4.jpg""]}",False,False,2026-01-05T12:57:39.537905+00:00,2026-01-05T12:57:39.537905+00:00
fd0561b3-38bf-4338-a506-167c693ea935,NV-10050,Mono Performance Night Denim Jeans,mono-performance-night-denim-jeans-10050,NUVRA,Apparel,Jeans,PLN,422.0,,0,4.6,25,"[""jeans"", ""party"", ""new"", ""night-out""]","{""material"": ""denim 13oz"", ""fit"": ""Tapered fit"", ""style"": ""Party"", ""delivery"": ""Standard delivery: 3–5 business days"", ""highlights"": [""Soft, breathable fabric"", ""Comfortable fit"", ""Everyday versatility"", ""High-quality construction""]}","{""colors"": [{""name"": ""Sand"", ""hex"": ""#D6C7A1""}, {""name"": ""Olive"", ""hex"": ""#4B5320""}, {""name"": ""Charcoal"", ""hex"": ""#2E2E2E""}], ""sizes"": [""28"", ""30"", ""32"", ""34"", ""36""]}","{""hero"": ""/images/products/mono-performance-night-denim-jeans-10050/1.jpg"", ""gallery"": [""/images/products/mono-performance-night-denim-jeans-10050/1.jpg"", ""/images/products/mono-performance-night-denim-jeans-10050/2.jpg"", ""/images/products/mono-performance-night-denim-jeans-10050/3.jpg"", ""/images/products/mono-performance-night-denim-jeans-10050/4.jpg""]}",False,False,2026-01-05T12:57:39.537905+00:00,2026-01-05T12:57:39.537905+00:00
